[0.170s] DEBUG:colcon:Command line arguments: ['/usr/bin/colcon', 'build', '--symlink-install', '--packages-select', 'wall_e_bringup']
[0.171s] DEBUG:colcon:Parsed command line arguments: Namespace(log_base=None, log_level=None, verb_name='build', build_base='build', install_base='install', merge_install=False, symlink_install=True, test_result_base=None, continue_on_error=False, executor='parallel', parallel_workers=16, event_handlers=None, ignore_user_meta=False, metas=['./colcon.meta'], base_paths=['.'], packages_ignore=None, packages_ignore_regex=None, paths=None, packages_up_to=None, packages_up_to_regex=None, packages_above=None, packages_above_and_dependencies=None, packages_above_depth=None, packages_select_by_dep=None, packages_skip_by_dep=None, packages_skip_up_to=None, packages_select_build_failed=False, packages_skip_build_finished=False, packages_select_test_failures=False, packages_skip_test_passed=False, packages_select=['wall_e_bringup'], packages_skip=None, packages_select_regex=None, packages_skip_regex=None, packages_start=None, packages_end=None, allow_overriding=[], cmake_args=None, cmake_target=None, cmake_target_skip_unavailable=False, cmake_clean_cache=False, cmake_clean_first=False, cmake_force_configure=False, ament_cmake_args=None, catkin_cmake_args=None, catkin_skip_building_tests=False, mixin_files=None, mixin=None, verb_parser=<colcon_mixin.mixin.mixin_argument.MixinArgumentDecorator object at 0x7b48e567bc50>, verb_extension=<colcon_core.verb.build.BuildVerb object at 0x7b48e62c0890>, main=<bound method BuildVerb.main of <colcon_core.verb.build.BuildVerb object at 0x7b48e62c0890>>, mixin_verb=('build',))
[0.228s] Level 1:colcon.colcon_core.package_discovery:discover_packages(colcon_meta) check parameters
[0.229s] Level 1:colcon.colcon_core.package_discovery:discover_packages(recursive) check parameters
[0.229s] Level 1:colcon.colcon_core.package_discovery:discover_packages(ignore) check parameters
[0.229s] Level 1:colcon.colcon_core.package_discovery:discover_packages(path) check parameters
[0.230s] Level 1:colcon.colcon_core.package_discovery:discover_packages(colcon_meta) discover
[0.230s] Level 1:colcon.colcon_core.package_discovery:discover_packages(recursive) discover
[0.230s] INFO:colcon.colcon_core.package_discovery:Crawling recursively for packages in '/home/wukong/WALL_E'
[0.230s] Level 1:colcon.colcon_core.package_identification:_identify(.) by extensions ['ignore', 'ignore_ament_install']
[0.230s] Level 1:colcon.colcon_core.package_identification:_identify(.) by extension 'ignore'
[0.230s] Level 1:colcon.colcon_core.package_identification:_identify(.) by extension 'ignore_ament_install'
[0.230s] Level 1:colcon.colcon_core.package_identification:_identify(.) by extensions ['colcon_pkg']
[0.230s] Level 1:colcon.colcon_core.package_identification:_identify(.) by extension 'colcon_pkg'
[0.230s] Level 1:colcon.colcon_core.package_identification:_identify(.) by extensions ['colcon_meta']
[0.230s] Level 1:colcon.colcon_core.package_identification:_identify(.) by extension 'colcon_meta'
[0.230s] Level 1:colcon.colcon_core.package_identification:_identify(.) by extensions ['ros']
[0.230s] Level 1:colcon.colcon_core.package_identification:_identify(.) by extension 'ros'
[0.267s] Level 1:colcon.colcon_core.package_identification:_identify(.) by extensions ['cmake', 'python']
[0.267s] Level 1:colcon.colcon_core.package_identification:_identify(.) by extension 'cmake'
[0.267s] Level 1:colcon.colcon_core.package_identification:_identify(.) by extension 'python'
[0.267s] Level 1:colcon.colcon_core.package_identification:_identify(.) by extensions ['python_setup_py']
[0.267s] Level 1:colcon.colcon_core.package_identification:_identify(.) by extension 'python_setup_py'
[0.268s] Level 1:colcon.colcon_core.package_identification:_identify(ArduinoTankBotScripts) by extensions ['ignore', 'ignore_ament_install']
[0.268s] Level 1:colcon.colcon_core.package_identification:_identify(ArduinoTankBotScripts) by extension 'ignore'
[0.268s] Level 1:colcon.colcon_core.package_identification:_identify(ArduinoTankBotScripts) by extension 'ignore_ament_install'
[0.268s] Level 1:colcon.colcon_core.package_identification:_identify(ArduinoTankBotScripts) by extensions ['colcon_pkg']
[0.268s] Level 1:colcon.colcon_core.package_identification:_identify(ArduinoTankBotScripts) by extension 'colcon_pkg'
[0.268s] Level 1:colcon.colcon_core.package_identification:_identify(ArduinoTankBotScripts) by extensions ['colcon_meta']
[0.268s] Level 1:colcon.colcon_core.package_identification:_identify(ArduinoTankBotScripts) by extension 'colcon_meta'
[0.268s] Level 1:colcon.colcon_core.package_identification:_identify(ArduinoTankBotScripts) by extensions ['ros']
[0.268s] Level 1:colcon.colcon_core.package_identification:_identify(ArduinoTankBotScripts) by extension 'ros'
[0.268s] Level 1:colcon.colcon_core.package_identification:_identify(ArduinoTankBotScripts) by extensions ['cmake', 'python']
[0.268s] Level 1:colcon.colcon_core.package_identification:_identify(ArduinoTankBotScripts) by extension 'cmake'
[0.268s] Level 1:colcon.colcon_core.package_identification:_identify(ArduinoTankBotScripts) by extension 'python'
[0.268s] Level 1:colcon.colcon_core.package_identification:_identify(ArduinoTankBotScripts) by extensions ['python_setup_py']
[0.268s] Level 1:colcon.colcon_core.package_identification:_identify(ArduinoTankBotScripts) by extension 'python_setup_py'
[0.269s] Level 1:colcon.colcon_core.package_identification:_identify(ArduinoTankBotScripts/FInal_project_Codes) by extensions ['ignore', 'ignore_ament_install']
[0.269s] Level 1:colcon.colcon_core.package_identification:_identify(ArduinoTankBotScripts/FInal_project_Codes) by extension 'ignore'
[0.269s] Level 1:colcon.colcon_core.package_identification:_identify(ArduinoTankBotScripts/FInal_project_Codes) by extension 'ignore_ament_install'
[0.269s] Level 1:colcon.colcon_core.package_identification:_identify(ArduinoTankBotScripts/FInal_project_Codes) by extensions ['colcon_pkg']
[0.269s] Level 1:colcon.colcon_core.package_identification:_identify(ArduinoTankBotScripts/FInal_project_Codes) by extension 'colcon_pkg'
[0.269s] Level 1:colcon.colcon_core.package_identification:_identify(ArduinoTankBotScripts/FInal_project_Codes) by extensions ['colcon_meta']
[0.269s] Level 1:colcon.colcon_core.package_identification:_identify(ArduinoTankBotScripts/FInal_project_Codes) by extension 'colcon_meta'
[0.269s] Level 1:colcon.colcon_core.package_identification:_identify(ArduinoTankBotScripts/FInal_project_Codes) by extensions ['ros']
[0.269s] Level 1:colcon.colcon_core.package_identification:_identify(ArduinoTankBotScripts/FInal_project_Codes) by extension 'ros'
[0.269s] Level 1:colcon.colcon_core.package_identification:_identify(ArduinoTankBotScripts/FInal_project_Codes) by extensions ['cmake', 'python']
[0.269s] Level 1:colcon.colcon_core.package_identification:_identify(ArduinoTankBotScripts/FInal_project_Codes) by extension 'cmake'
[0.269s] Level 1:colcon.colcon_core.package_identification:_identify(ArduinoTankBotScripts/FInal_project_Codes) by extension 'python'
[0.269s] Level 1:colcon.colcon_core.package_identification:_identify(ArduinoTankBotScripts/FInal_project_Codes) by extensions ['python_setup_py']
[0.269s] Level 1:colcon.colcon_core.package_identification:_identify(ArduinoTankBotScripts/FInal_project_Codes) by extension 'python_setup_py'
[0.270s] Level 1:colcon.colcon_core.package_identification:_identify(ArduinoTankBotScripts/MINI_PROJECT_1_1_AXIS_STABILIZATION) by extensions ['ignore', 'ignore_ament_install']
[0.270s] Level 1:colcon.colcon_core.package_identification:_identify(ArduinoTankBotScripts/MINI_PROJECT_1_1_AXIS_STABILIZATION) by extension 'ignore'
[0.270s] Level 1:colcon.colcon_core.package_identification:_identify(ArduinoTankBotScripts/MINI_PROJECT_1_1_AXIS_STABILIZATION) by extension 'ignore_ament_install'
[0.270s] Level 1:colcon.colcon_core.package_identification:_identify(ArduinoTankBotScripts/MINI_PROJECT_1_1_AXIS_STABILIZATION) by extensions ['colcon_pkg']
[0.270s] Level 1:colcon.colcon_core.package_identification:_identify(ArduinoTankBotScripts/MINI_PROJECT_1_1_AXIS_STABILIZATION) by extension 'colcon_pkg'
[0.270s] Level 1:colcon.colcon_core.package_identification:_identify(ArduinoTankBotScripts/MINI_PROJECT_1_1_AXIS_STABILIZATION) by extensions ['colcon_meta']
[0.270s] Level 1:colcon.colcon_core.package_identification:_identify(ArduinoTankBotScripts/MINI_PROJECT_1_1_AXIS_STABILIZATION) by extension 'colcon_meta'
[0.270s] Level 1:colcon.colcon_core.package_identification:_identify(ArduinoTankBotScripts/MINI_PROJECT_1_1_AXIS_STABILIZATION) by extensions ['ros']
[0.270s] Level 1:colcon.colcon_core.package_identification:_identify(ArduinoTankBotScripts/MINI_PROJECT_1_1_AXIS_STABILIZATION) by extension 'ros'
[0.270s] Level 1:colcon.colcon_core.package_identification:_identify(ArduinoTankBotScripts/MINI_PROJECT_1_1_AXIS_STABILIZATION) by extensions ['cmake', 'python']
[0.270s] Level 1:colcon.colcon_core.package_identification:_identify(ArduinoTankBotScripts/MINI_PROJECT_1_1_AXIS_STABILIZATION) by extension 'cmake'
[0.270s] Level 1:colcon.colcon_core.package_identification:_identify(ArduinoTankBotScripts/MINI_PROJECT_1_1_AXIS_STABILIZATION) by extension 'python'
[0.270s] Level 1:colcon.colcon_core.package_identification:_identify(ArduinoTankBotScripts/MINI_PROJECT_1_1_AXIS_STABILIZATION) by extensions ['python_setup_py']
[0.270s] Level 1:colcon.colcon_core.package_identification:_identify(ArduinoTankBotScripts/MINI_PROJECT_1_1_AXIS_STABILIZATION) by extension 'python_setup_py'
[0.270s] Level 1:colcon.colcon_core.package_identification:_identify(ArduinoTankBotScripts/MINI_PROJECT_1_1_AXIS_STABILIZATION/pitchstabilisingcodes) by extensions ['ignore', 'ignore_ament_install']
[0.270s] Level 1:colcon.colcon_core.package_identification:_identify(ArduinoTankBotScripts/MINI_PROJECT_1_1_AXIS_STABILIZATION/pitchstabilisingcodes) by extension 'ignore'
[0.270s] Level 1:colcon.colcon_core.package_identification:_identify(ArduinoTankBotScripts/MINI_PROJECT_1_1_AXIS_STABILIZATION/pitchstabilisingcodes) by extension 'ignore_ament_install'
[0.270s] Level 1:colcon.colcon_core.package_identification:_identify(ArduinoTankBotScripts/MINI_PROJECT_1_1_AXIS_STABILIZATION/pitchstabilisingcodes) by extensions ['colcon_pkg']
[0.270s] Level 1:colcon.colcon_core.package_identification:_identify(ArduinoTankBotScripts/MINI_PROJECT_1_1_AXIS_STABILIZATION/pitchstabilisingcodes) by extension 'colcon_pkg'
[0.271s] Level 1:colcon.colcon_core.package_identification:_identify(ArduinoTankBotScripts/MINI_PROJECT_1_1_AXIS_STABILIZATION/pitchstabilisingcodes) by extensions ['colcon_meta']
[0.271s] Level 1:colcon.colcon_core.package_identification:_identify(ArduinoTankBotScripts/MINI_PROJECT_1_1_AXIS_STABILIZATION/pitchstabilisingcodes) by extension 'colcon_meta'
[0.271s] Level 1:colcon.colcon_core.package_identification:_identify(ArduinoTankBotScripts/MINI_PROJECT_1_1_AXIS_STABILIZATION/pitchstabilisingcodes) by extensions ['ros']
[0.271s] Level 1:colcon.colcon_core.package_identification:_identify(ArduinoTankBotScripts/MINI_PROJECT_1_1_AXIS_STABILIZATION/pitchstabilisingcodes) by extension 'ros'
[0.271s] Level 1:colcon.colcon_core.package_identification:_identify(ArduinoTankBotScripts/MINI_PROJECT_1_1_AXIS_STABILIZATION/pitchstabilisingcodes) by extensions ['cmake', 'python']
[0.271s] Level 1:colcon.colcon_core.package_identification:_identify(ArduinoTankBotScripts/MINI_PROJECT_1_1_AXIS_STABILIZATION/pitchstabilisingcodes) by extension 'cmake'
[0.271s] Level 1:colcon.colcon_core.package_identification:_identify(ArduinoTankBotScripts/MINI_PROJECT_1_1_AXIS_STABILIZATION/pitchstabilisingcodes) by extension 'python'
[0.271s] Level 1:colcon.colcon_core.package_identification:_identify(ArduinoTankBotScripts/MINI_PROJECT_1_1_AXIS_STABILIZATION/pitchstabilisingcodes) by extensions ['python_setup_py']
[0.271s] Level 1:colcon.colcon_core.package_identification:_identify(ArduinoTankBotScripts/MINI_PROJECT_1_1_AXIS_STABILIZATION/pitchstabilisingcodes) by extension 'python_setup_py'
[0.271s] Level 1:colcon.colcon_core.package_identification:_identify(ArduinoTankBotScripts/MINI_PROJECT_1_1_AXIS_STABILIZATION/ps2sidecode) by extensions ['ignore', 'ignore_ament_install']
[0.271s] Level 1:colcon.colcon_core.package_identification:_identify(ArduinoTankBotScripts/MINI_PROJECT_1_1_AXIS_STABILIZATION/ps2sidecode) by extension 'ignore'
[0.271s] Level 1:colcon.colcon_core.package_identification:_identify(ArduinoTankBotScripts/MINI_PROJECT_1_1_AXIS_STABILIZATION/ps2sidecode) by extension 'ignore_ament_install'
[0.271s] Level 1:colcon.colcon_core.package_identification:_identify(ArduinoTankBotScripts/MINI_PROJECT_1_1_AXIS_STABILIZATION/ps2sidecode) by extensions ['colcon_pkg']
[0.271s] Level 1:colcon.colcon_core.package_identification:_identify(ArduinoTankBotScripts/MINI_PROJECT_1_1_AXIS_STABILIZATION/ps2sidecode) by extension 'colcon_pkg'
[0.271s] Level 1:colcon.colcon_core.package_identification:_identify(ArduinoTankBotScripts/MINI_PROJECT_1_1_AXIS_STABILIZATION/ps2sidecode) by extensions ['colcon_meta']
[0.271s] Level 1:colcon.colcon_core.package_identification:_identify(ArduinoTankBotScripts/MINI_PROJECT_1_1_AXIS_STABILIZATION/ps2sidecode) by extension 'colcon_meta'
[0.271s] Level 1:colcon.colcon_core.package_identification:_identify(ArduinoTankBotScripts/MINI_PROJECT_1_1_AXIS_STABILIZATION/ps2sidecode) by extensions ['ros']
[0.271s] Level 1:colcon.colcon_core.package_identification:_identify(ArduinoTankBotScripts/MINI_PROJECT_1_1_AXIS_STABILIZATION/ps2sidecode) by extension 'ros'
[0.271s] Level 1:colcon.colcon_core.package_identification:_identify(ArduinoTankBotScripts/MINI_PROJECT_1_1_AXIS_STABILIZATION/ps2sidecode) by extensions ['cmake', 'python']
[0.271s] Level 1:colcon.colcon_core.package_identification:_identify(ArduinoTankBotScripts/MINI_PROJECT_1_1_AXIS_STABILIZATION/ps2sidecode) by extension 'cmake'
[0.271s] Level 1:colcon.colcon_core.package_identification:_identify(ArduinoTankBotScripts/MINI_PROJECT_1_1_AXIS_STABILIZATION/ps2sidecode) by extension 'python'
[0.271s] Level 1:colcon.colcon_core.package_identification:_identify(ArduinoTankBotScripts/MINI_PROJECT_1_1_AXIS_STABILIZATION/ps2sidecode) by extensions ['python_setup_py']
[0.271s] Level 1:colcon.colcon_core.package_identification:_identify(ArduinoTankBotScripts/MINI_PROJECT_1_1_AXIS_STABILIZATION/ps2sidecode) by extension 'python_setup_py'
[0.272s] Level 1:colcon.colcon_core.package_identification:_identify(ArduinoTankBotScripts/MINI_PROJECT_2_1_AXIS_STABILISATION_PARALLAX) by extensions ['ignore', 'ignore_ament_install']
[0.272s] Level 1:colcon.colcon_core.package_identification:_identify(ArduinoTankBotScripts/MINI_PROJECT_2_1_AXIS_STABILISATION_PARALLAX) by extension 'ignore'
[0.272s] Level 1:colcon.colcon_core.package_identification:_identify(ArduinoTankBotScripts/MINI_PROJECT_2_1_AXIS_STABILISATION_PARALLAX) by extension 'ignore_ament_install'
[0.272s] Level 1:colcon.colcon_core.package_identification:_identify(ArduinoTankBotScripts/MINI_PROJECT_2_1_AXIS_STABILISATION_PARALLAX) by extensions ['colcon_pkg']
[0.272s] Level 1:colcon.colcon_core.package_identification:_identify(ArduinoTankBotScripts/MINI_PROJECT_2_1_AXIS_STABILISATION_PARALLAX) by extension 'colcon_pkg'
[0.272s] Level 1:colcon.colcon_core.package_identification:_identify(ArduinoTankBotScripts/MINI_PROJECT_2_1_AXIS_STABILISATION_PARALLAX) by extensions ['colcon_meta']
[0.272s] Level 1:colcon.colcon_core.package_identification:_identify(ArduinoTankBotScripts/MINI_PROJECT_2_1_AXIS_STABILISATION_PARALLAX) by extension 'colcon_meta'
[0.272s] Level 1:colcon.colcon_core.package_identification:_identify(ArduinoTankBotScripts/MINI_PROJECT_2_1_AXIS_STABILISATION_PARALLAX) by extensions ['ros']
[0.272s] Level 1:colcon.colcon_core.package_identification:_identify(ArduinoTankBotScripts/MINI_PROJECT_2_1_AXIS_STABILISATION_PARALLAX) by extension 'ros'
[0.272s] Level 1:colcon.colcon_core.package_identification:_identify(ArduinoTankBotScripts/MINI_PROJECT_2_1_AXIS_STABILISATION_PARALLAX) by extensions ['cmake', 'python']
[0.272s] Level 1:colcon.colcon_core.package_identification:_identify(ArduinoTankBotScripts/MINI_PROJECT_2_1_AXIS_STABILISATION_PARALLAX) by extension 'cmake'
[0.272s] Level 1:colcon.colcon_core.package_identification:_identify(ArduinoTankBotScripts/MINI_PROJECT_2_1_AXIS_STABILISATION_PARALLAX) by extension 'python'
[0.272s] Level 1:colcon.colcon_core.package_identification:_identify(ArduinoTankBotScripts/MINI_PROJECT_2_1_AXIS_STABILISATION_PARALLAX) by extensions ['python_setup_py']
[0.272s] Level 1:colcon.colcon_core.package_identification:_identify(ArduinoTankBotScripts/MINI_PROJECT_2_1_AXIS_STABILISATION_PARALLAX) by extension 'python_setup_py'
[0.272s] Level 1:colcon.colcon_core.package_identification:_identify(ArduinoTankBotScripts/MOTOR_TESTING_CODES) by extensions ['ignore', 'ignore_ament_install']
[0.272s] Level 1:colcon.colcon_core.package_identification:_identify(ArduinoTankBotScripts/MOTOR_TESTING_CODES) by extension 'ignore'
[0.272s] Level 1:colcon.colcon_core.package_identification:_identify(ArduinoTankBotScripts/MOTOR_TESTING_CODES) by extension 'ignore_ament_install'
[0.272s] Level 1:colcon.colcon_core.package_identification:_identify(ArduinoTankBotScripts/MOTOR_TESTING_CODES) by extensions ['colcon_pkg']
[0.272s] Level 1:colcon.colcon_core.package_identification:_identify(ArduinoTankBotScripts/MOTOR_TESTING_CODES) by extension 'colcon_pkg'
[0.272s] Level 1:colcon.colcon_core.package_identification:_identify(ArduinoTankBotScripts/MOTOR_TESTING_CODES) by extensions ['colcon_meta']
[0.272s] Level 1:colcon.colcon_core.package_identification:_identify(ArduinoTankBotScripts/MOTOR_TESTING_CODES) by extension 'colcon_meta'
[0.272s] Level 1:colcon.colcon_core.package_identification:_identify(ArduinoTankBotScripts/MOTOR_TESTING_CODES) by extensions ['ros']
[0.273s] Level 1:colcon.colcon_core.package_identification:_identify(ArduinoTankBotScripts/MOTOR_TESTING_CODES) by extension 'ros'
[0.273s] Level 1:colcon.colcon_core.package_identification:_identify(ArduinoTankBotScripts/MOTOR_TESTING_CODES) by extensions ['cmake', 'python']
[0.273s] Level 1:colcon.colcon_core.package_identification:_identify(ArduinoTankBotScripts/MOTOR_TESTING_CODES) by extension 'cmake'
[0.273s] Level 1:colcon.colcon_core.package_identification:_identify(ArduinoTankBotScripts/MOTOR_TESTING_CODES) by extension 'python'
[0.273s] Level 1:colcon.colcon_core.package_identification:_identify(ArduinoTankBotScripts/MOTOR_TESTING_CODES) by extensions ['python_setup_py']
[0.273s] Level 1:colcon.colcon_core.package_identification:_identify(ArduinoTankBotScripts/MOTOR_TESTING_CODES) by extension 'python_setup_py'
[0.273s] Level 1:colcon.colcon_core.package_identification:_identify(ArduinoTankBotScripts/test3) by extensions ['ignore', 'ignore_ament_install']
[0.273s] Level 1:colcon.colcon_core.package_identification:_identify(ArduinoTankBotScripts/test3) by extension 'ignore'
[0.273s] Level 1:colcon.colcon_core.package_identification:_identify(ArduinoTankBotScripts/test3) by extension 'ignore_ament_install'
[0.273s] Level 1:colcon.colcon_core.package_identification:_identify(ArduinoTankBotScripts/test3) by extensions ['colcon_pkg']
[0.273s] Level 1:colcon.colcon_core.package_identification:_identify(ArduinoTankBotScripts/test3) by extension 'colcon_pkg'
[0.273s] Level 1:colcon.colcon_core.package_identification:_identify(ArduinoTankBotScripts/test3) by extensions ['colcon_meta']
[0.273s] Level 1:colcon.colcon_core.package_identification:_identify(ArduinoTankBotScripts/test3) by extension 'colcon_meta'
[0.273s] Level 1:colcon.colcon_core.package_identification:_identify(ArduinoTankBotScripts/test3) by extensions ['ros']
[0.273s] Level 1:colcon.colcon_core.package_identification:_identify(ArduinoTankBotScripts/test3) by extension 'ros'
[0.273s] Level 1:colcon.colcon_core.package_identification:_identify(ArduinoTankBotScripts/test3) by extensions ['cmake', 'python']
[0.273s] Level 1:colcon.colcon_core.package_identification:_identify(ArduinoTankBotScripts/test3) by extension 'cmake'
[0.273s] Level 1:colcon.colcon_core.package_identification:_identify(ArduinoTankBotScripts/test3) by extension 'python'
[0.273s] Level 1:colcon.colcon_core.package_identification:_identify(ArduinoTankBotScripts/test3) by extensions ['python_setup_py']
[0.273s] Level 1:colcon.colcon_core.package_identification:_identify(ArduinoTankBotScripts/test3) by extension 'python_setup_py'
[0.273s] Level 1:colcon.colcon_core.package_identification:_identify(ParallaxEEPROMFlash) by extensions ['ignore', 'ignore_ament_install']
[0.273s] Level 1:colcon.colcon_core.package_identification:_identify(ParallaxEEPROMFlash) by extension 'ignore'
[0.274s] Level 1:colcon.colcon_core.package_identification:_identify(ParallaxEEPROMFlash) by extension 'ignore_ament_install'
[0.274s] Level 1:colcon.colcon_core.package_identification:_identify(ParallaxEEPROMFlash) by extensions ['colcon_pkg']
[0.274s] Level 1:colcon.colcon_core.package_identification:_identify(ParallaxEEPROMFlash) by extension 'colcon_pkg'
[0.274s] Level 1:colcon.colcon_core.package_identification:_identify(ParallaxEEPROMFlash) by extensions ['colcon_meta']
[0.274s] Level 1:colcon.colcon_core.package_identification:_identify(ParallaxEEPROMFlash) by extension 'colcon_meta'
[0.274s] Level 1:colcon.colcon_core.package_identification:_identify(ParallaxEEPROMFlash) by extensions ['ros']
[0.274s] Level 1:colcon.colcon_core.package_identification:_identify(ParallaxEEPROMFlash) by extension 'ros'
[0.274s] Level 1:colcon.colcon_core.package_identification:_identify(ParallaxEEPROMFlash) by extensions ['cmake', 'python']
[0.274s] Level 1:colcon.colcon_core.package_identification:_identify(ParallaxEEPROMFlash) by extension 'cmake'
[0.274s] Level 1:colcon.colcon_core.package_identification:_identify(ParallaxEEPROMFlash) by extension 'python'
[0.274s] Level 1:colcon.colcon_core.package_identification:_identify(ParallaxEEPROMFlash) by extensions ['python_setup_py']
[0.274s] Level 1:colcon.colcon_core.package_identification:_identify(ParallaxEEPROMFlash) by extension 'python_setup_py'
[0.274s] Level 1:colcon.colcon_core.package_identification:_identify(ParralaxController) by extensions ['ignore', 'ignore_ament_install']
[0.274s] Level 1:colcon.colcon_core.package_identification:_identify(ParralaxController) by extension 'ignore'
[0.274s] Level 1:colcon.colcon_core.package_identification:_identify(ParralaxController) by extension 'ignore_ament_install'
[0.274s] Level 1:colcon.colcon_core.package_identification:_identify(ParralaxController) by extensions ['colcon_pkg']
[0.274s] Level 1:colcon.colcon_core.package_identification:_identify(ParralaxController) by extension 'colcon_pkg'
[0.274s] Level 1:colcon.colcon_core.package_identification:_identify(ParralaxController) by extensions ['colcon_meta']
[0.274s] Level 1:colcon.colcon_core.package_identification:_identify(ParralaxController) by extension 'colcon_meta'
[0.274s] Level 1:colcon.colcon_core.package_identification:_identify(ParralaxController) by extensions ['ros']
[0.274s] Level 1:colcon.colcon_core.package_identification:_identify(ParralaxController) by extension 'ros'
[0.274s] Level 1:colcon.colcon_core.package_identification:_identify(ParralaxController) by extensions ['cmake', 'python']
[0.274s] Level 1:colcon.colcon_core.package_identification:_identify(ParralaxController) by extension 'cmake'
[0.274s] Level 1:colcon.colcon_core.package_identification:_identify(ParralaxController) by extension 'python'
[0.274s] Level 1:colcon.colcon_core.package_identification:_identify(ParralaxController) by extensions ['python_setup_py']
[0.274s] Level 1:colcon.colcon_core.package_identification:_identify(ParralaxController) by extension 'python_setup_py'
[0.275s] Level 1:colcon.colcon_core.package_identification:_identify(ParralaxController/flexprop) by extensions ['ignore', 'ignore_ament_install']
[0.275s] Level 1:colcon.colcon_core.package_identification:_identify(ParralaxController/flexprop) by extension 'ignore'
[0.275s] Level 1:colcon.colcon_core.package_identification:_identify(ParralaxController/flexprop) by extension 'ignore_ament_install'
[0.275s] Level 1:colcon.colcon_core.package_identification:_identify(ParralaxController/flexprop) by extensions ['colcon_pkg']
[0.275s] Level 1:colcon.colcon_core.package_identification:_identify(ParralaxController/flexprop) by extension 'colcon_pkg'
[0.275s] Level 1:colcon.colcon_core.package_identification:_identify(ParralaxController/flexprop) by extensions ['colcon_meta']
[0.275s] Level 1:colcon.colcon_core.package_identification:_identify(ParralaxController/flexprop) by extension 'colcon_meta'
[0.275s] Level 1:colcon.colcon_core.package_identification:_identify(ParralaxController/flexprop) by extensions ['ros']
[0.275s] Level 1:colcon.colcon_core.package_identification:_identify(ParralaxController/flexprop) by extension 'ros'
[0.275s] Level 1:colcon.colcon_core.package_identification:_identify(ParralaxController/flexprop) by extensions ['cmake', 'python']
[0.275s] Level 1:colcon.colcon_core.package_identification:_identify(ParralaxController/flexprop) by extension 'cmake'
[0.275s] Level 1:colcon.colcon_core.package_identification:_identify(ParralaxController/flexprop) by extension 'python'
[0.275s] Level 1:colcon.colcon_core.package_identification:_identify(ParralaxController/flexprop) by extensions ['python_setup_py']
[0.275s] Level 1:colcon.colcon_core.package_identification:_identify(ParralaxController/flexprop) by extension 'python_setup_py'
[0.275s] Level 1:colcon.colcon_core.package_identification:_identify(ParralaxController/include) by extensions ['ignore', 'ignore_ament_install']
[0.275s] Level 1:colcon.colcon_core.package_identification:_identify(ParralaxController/include) by extension 'ignore'
[0.275s] Level 1:colcon.colcon_core.package_identification:_identify(ParralaxController/include) by extension 'ignore_ament_install'
[0.275s] Level 1:colcon.colcon_core.package_identification:_identify(ParralaxController/include) by extensions ['colcon_pkg']
[0.275s] Level 1:colcon.colcon_core.package_identification:_identify(ParralaxController/include) by extension 'colcon_pkg'
[0.275s] Level 1:colcon.colcon_core.package_identification:_identify(ParralaxController/include) by extensions ['colcon_meta']
[0.275s] Level 1:colcon.colcon_core.package_identification:_identify(ParralaxController/include) by extension 'colcon_meta'
[0.275s] Level 1:colcon.colcon_core.package_identification:_identify(ParralaxController/include) by extensions ['ros']
[0.275s] Level 1:colcon.colcon_core.package_identification:_identify(ParralaxController/include) by extension 'ros'
[0.275s] Level 1:colcon.colcon_core.package_identification:_identify(ParralaxController/include) by extensions ['cmake', 'python']
[0.276s] Level 1:colcon.colcon_core.package_identification:_identify(ParralaxController/include) by extension 'cmake'
[0.276s] Level 1:colcon.colcon_core.package_identification:_identify(ParralaxController/include) by extension 'python'
[0.276s] Level 1:colcon.colcon_core.package_identification:_identify(ParralaxController/include) by extensions ['python_setup_py']
[0.276s] Level 1:colcon.colcon_core.package_identification:_identify(ParralaxController/include) by extension 'python_setup_py'
[0.276s] Level 1:colcon.colcon_core.package_identification:_identify(ParralaxController/include/Graphics) by extensions ['ignore', 'ignore_ament_install']
[0.276s] Level 1:colcon.colcon_core.package_identification:_identify(ParralaxController/include/Graphics) by extension 'ignore'
[0.276s] Level 1:colcon.colcon_core.package_identification:_identify(ParralaxController/include/Graphics) by extension 'ignore_ament_install'
[0.276s] Level 1:colcon.colcon_core.package_identification:_identify(ParralaxController/include/Graphics) by extensions ['colcon_pkg']
[0.276s] Level 1:colcon.colcon_core.package_identification:_identify(ParralaxController/include/Graphics) by extension 'colcon_pkg'
[0.276s] Level 1:colcon.colcon_core.package_identification:_identify(ParralaxController/include/Graphics) by extensions ['colcon_meta']
[0.276s] Level 1:colcon.colcon_core.package_identification:_identify(ParralaxController/include/Graphics) by extension 'colcon_meta'
[0.276s] Level 1:colcon.colcon_core.package_identification:_identify(ParralaxController/include/Graphics) by extensions ['ros']
[0.276s] Level 1:colcon.colcon_core.package_identification:_identify(ParralaxController/include/Graphics) by extension 'ros'
[0.276s] Level 1:colcon.colcon_core.package_identification:_identify(ParralaxController/include/Graphics) by extensions ['cmake', 'python']
[0.276s] Level 1:colcon.colcon_core.package_identification:_identify(ParralaxController/include/Graphics) by extension 'cmake'
[0.276s] Level 1:colcon.colcon_core.package_identification:_identify(ParralaxController/include/Graphics) by extension 'python'
[0.276s] Level 1:colcon.colcon_core.package_identification:_identify(ParralaxController/include/Graphics) by extensions ['python_setup_py']
[0.276s] Level 1:colcon.colcon_core.package_identification:_identify(ParralaxController/include/Graphics) by extension 'python_setup_py'
[0.276s] Level 1:colcon.colcon_core.package_identification:_identify(ParralaxController/include/Propellor) by extensions ['ignore', 'ignore_ament_install']
[0.276s] Level 1:colcon.colcon_core.package_identification:_identify(ParralaxController/include/Propellor) by extension 'ignore'
[0.276s] Level 1:colcon.colcon_core.package_identification:_identify(ParralaxController/include/Propellor) by extension 'ignore_ament_install'
[0.276s] Level 1:colcon.colcon_core.package_identification:_identify(ParralaxController/include/Propellor) by extensions ['colcon_pkg']
[0.276s] Level 1:colcon.colcon_core.package_identification:_identify(ParralaxController/include/Propellor) by extension 'colcon_pkg'
[0.277s] Level 1:colcon.colcon_core.package_identification:_identify(ParralaxController/include/Propellor) by extensions ['colcon_meta']
[0.277s] Level 1:colcon.colcon_core.package_identification:_identify(ParralaxController/include/Propellor) by extension 'colcon_meta'
[0.277s] Level 1:colcon.colcon_core.package_identification:_identify(ParralaxController/include/Propellor) by extensions ['ros']
[0.277s] Level 1:colcon.colcon_core.package_identification:_identify(ParralaxController/include/Propellor) by extension 'ros'
[0.277s] Level 1:colcon.colcon_core.package_identification:_identify(ParralaxController/include/Propellor) by extensions ['cmake', 'python']
[0.277s] Level 1:colcon.colcon_core.package_identification:_identify(ParralaxController/include/Propellor) by extension 'cmake'
[0.277s] Level 1:colcon.colcon_core.package_identification:_identify(ParralaxController/include/Propellor) by extension 'python'
[0.277s] Level 1:colcon.colcon_core.package_identification:_identify(ParralaxController/include/Propellor) by extensions ['python_setup_py']
[0.277s] Level 1:colcon.colcon_core.package_identification:_identify(ParralaxController/include/Propellor) by extension 'python_setup_py'
[0.277s] Level 1:colcon.colcon_core.package_identification:_identify(ParralaxController/include/TankStatus) by extensions ['ignore', 'ignore_ament_install']
[0.277s] Level 1:colcon.colcon_core.package_identification:_identify(ParralaxController/include/TankStatus) by extension 'ignore'
[0.277s] Level 1:colcon.colcon_core.package_identification:_identify(ParralaxController/include/TankStatus) by extension 'ignore_ament_install'
[0.277s] Level 1:colcon.colcon_core.package_identification:_identify(ParralaxController/include/TankStatus) by extensions ['colcon_pkg']
[0.277s] Level 1:colcon.colcon_core.package_identification:_identify(ParralaxController/include/TankStatus) by extension 'colcon_pkg'
[0.277s] Level 1:colcon.colcon_core.package_identification:_identify(ParralaxController/include/TankStatus) by extensions ['colcon_meta']
[0.277s] Level 1:colcon.colcon_core.package_identification:_identify(ParralaxController/include/TankStatus) by extension 'colcon_meta'
[0.277s] Level 1:colcon.colcon_core.package_identification:_identify(ParralaxController/include/TankStatus) by extensions ['ros']
[0.277s] Level 1:colcon.colcon_core.package_identification:_identify(ParralaxController/include/TankStatus) by extension 'ros'
[0.277s] Level 1:colcon.colcon_core.package_identification:_identify(ParralaxController/include/TankStatus) by extensions ['cmake', 'python']
[0.277s] Level 1:colcon.colcon_core.package_identification:_identify(ParralaxController/include/TankStatus) by extension 'cmake'
[0.277s] Level 1:colcon.colcon_core.package_identification:_identify(ParralaxController/include/TankStatus) by extension 'python'
[0.277s] Level 1:colcon.colcon_core.package_identification:_identify(ParralaxController/include/TankStatus) by extensions ['python_setup_py']
[0.277s] Level 1:colcon.colcon_core.package_identification:_identify(ParralaxController/include/TankStatus) by extension 'python_setup_py'
[0.277s] Level 1:colcon.colcon_core.package_identification:_identify(ParralaxController/lib) by extensions ['ignore', 'ignore_ament_install']
[0.278s] Level 1:colcon.colcon_core.package_identification:_identify(ParralaxController/lib) by extension 'ignore'
[0.278s] Level 1:colcon.colcon_core.package_identification:_identify(ParralaxController/lib) by extension 'ignore_ament_install'
[0.278s] Level 1:colcon.colcon_core.package_identification:_identify(ParralaxController/lib) by extensions ['colcon_pkg']
[0.278s] Level 1:colcon.colcon_core.package_identification:_identify(ParralaxController/lib) by extension 'colcon_pkg'
[0.278s] Level 1:colcon.colcon_core.package_identification:_identify(ParralaxController/lib) by extensions ['colcon_meta']
[0.278s] Level 1:colcon.colcon_core.package_identification:_identify(ParralaxController/lib) by extension 'colcon_meta'
[0.278s] Level 1:colcon.colcon_core.package_identification:_identify(ParralaxController/lib) by extensions ['ros']
[0.278s] Level 1:colcon.colcon_core.package_identification:_identify(ParralaxController/lib) by extension 'ros'
[0.278s] Level 1:colcon.colcon_core.package_identification:_identify(ParralaxController/lib) by extensions ['cmake', 'python']
[0.278s] Level 1:colcon.colcon_core.package_identification:_identify(ParralaxController/lib) by extension 'cmake'
[0.278s] Level 1:colcon.colcon_core.package_identification:_identify(ParralaxController/lib) by extension 'python'
[0.278s] Level 1:colcon.colcon_core.package_identification:_identify(ParralaxController/lib) by extensions ['python_setup_py']
[0.278s] Level 1:colcon.colcon_core.package_identification:_identify(ParralaxController/lib) by extension 'python_setup_py'
[0.278s] Level 1:colcon.colcon_core.package_identification:_identify(ParralaxController/lib/TankStatus) by extensions ['ignore', 'ignore_ament_install']
[0.278s] Level 1:colcon.colcon_core.package_identification:_identify(ParralaxController/lib/TankStatus) by extension 'ignore'
[0.278s] Level 1:colcon.colcon_core.package_identification:_identify(ParralaxController/lib/TankStatus) by extension 'ignore_ament_install'
[0.278s] Level 1:colcon.colcon_core.package_identification:_identify(ParralaxController/lib/TankStatus) by extensions ['colcon_pkg']
[0.278s] Level 1:colcon.colcon_core.package_identification:_identify(ParralaxController/lib/TankStatus) by extension 'colcon_pkg'
[0.278s] Level 1:colcon.colcon_core.package_identification:_identify(ParralaxController/lib/TankStatus) by extensions ['colcon_meta']
[0.278s] Level 1:colcon.colcon_core.package_identification:_identify(ParralaxController/lib/TankStatus) by extension 'colcon_meta'
[0.278s] Level 1:colcon.colcon_core.package_identification:_identify(ParralaxController/lib/TankStatus) by extensions ['ros']
[0.278s] Level 1:colcon.colcon_core.package_identification:_identify(ParralaxController/lib/TankStatus) by extension 'ros'
[0.278s] Level 1:colcon.colcon_core.package_identification:_identify(ParralaxController/lib/TankStatus) by extensions ['cmake', 'python']
[0.278s] Level 1:colcon.colcon_core.package_identification:_identify(ParralaxController/lib/TankStatus) by extension 'cmake'
[0.280s] Level 1:colcon.colcon_core.package_identification:_identify(ParralaxController/lib/TankStatus) by extension 'python'
[0.280s] DEBUG:colcon.colcon_core.package_identification:Package 'ParralaxController/lib/TankStatus' with type 'cmake' and name 'TankStatus'
[0.280s] Level 1:colcon.colcon_core.package_identification:_identify(ParralaxController/src) by extensions ['ignore', 'ignore_ament_install']
[0.280s] Level 1:colcon.colcon_core.package_identification:_identify(ParralaxController/src) by extension 'ignore'
[0.280s] Level 1:colcon.colcon_core.package_identification:_identify(ParralaxController/src) by extension 'ignore_ament_install'
[0.280s] Level 1:colcon.colcon_core.package_identification:_identify(ParralaxController/src) by extensions ['colcon_pkg']
[0.280s] Level 1:colcon.colcon_core.package_identification:_identify(ParralaxController/src) by extension 'colcon_pkg'
[0.280s] Level 1:colcon.colcon_core.package_identification:_identify(ParralaxController/src) by extensions ['colcon_meta']
[0.280s] Level 1:colcon.colcon_core.package_identification:_identify(ParralaxController/src) by extension 'colcon_meta'
[0.280s] Level 1:colcon.colcon_core.package_identification:_identify(ParralaxController/src) by extensions ['ros']
[0.280s] Level 1:colcon.colcon_core.package_identification:_identify(ParralaxController/src) by extension 'ros'
[0.280s] Level 1:colcon.colcon_core.package_identification:_identify(ParralaxController/src) by extensions ['cmake', 'python']
[0.280s] Level 1:colcon.colcon_core.package_identification:_identify(ParralaxController/src) by extension 'cmake'
[0.280s] Level 1:colcon.colcon_core.package_identification:_identify(ParralaxController/src) by extension 'python'
[0.280s] Level 1:colcon.colcon_core.package_identification:_identify(ParralaxController/src) by extensions ['python_setup_py']
[0.281s] Level 1:colcon.colcon_core.package_identification:_identify(ParralaxController/src) by extension 'python_setup_py'
[0.281s] Level 1:colcon.colcon_core.package_identification:_identify(ParralaxController/test) by extensions ['ignore', 'ignore_ament_install']
[0.281s] Level 1:colcon.colcon_core.package_identification:_identify(ParralaxController/test) by extension 'ignore'
[0.281s] Level 1:colcon.colcon_core.package_identification:_identify(ParralaxController/test) by extension 'ignore_ament_install'
[0.281s] Level 1:colcon.colcon_core.package_identification:_identify(ParralaxController/test) by extensions ['colcon_pkg']
[0.281s] Level 1:colcon.colcon_core.package_identification:_identify(ParralaxController/test) by extension 'colcon_pkg'
[0.281s] Level 1:colcon.colcon_core.package_identification:_identify(ParralaxController/test) by extensions ['colcon_meta']
[0.281s] Level 1:colcon.colcon_core.package_identification:_identify(ParralaxController/test) by extension 'colcon_meta'
[0.281s] Level 1:colcon.colcon_core.package_identification:_identify(ParralaxController/test) by extensions ['ros']
[0.281s] Level 1:colcon.colcon_core.package_identification:_identify(ParralaxController/test) by extension 'ros'
[0.281s] Level 1:colcon.colcon_core.package_identification:_identify(ParralaxController/test) by extensions ['cmake', 'python']
[0.281s] Level 1:colcon.colcon_core.package_identification:_identify(ParralaxController/test) by extension 'cmake'
[0.281s] Level 1:colcon.colcon_core.package_identification:_identify(ParralaxController/test) by extension 'python'
[0.281s] Level 1:colcon.colcon_core.package_identification:_identify(ParralaxController/test) by extensions ['python_setup_py']
[0.281s] Level 1:colcon.colcon_core.package_identification:_identify(ParralaxController/test) by extension 'python_setup_py'
[0.281s] Level 1:colcon.colcon_core.package_identification:_identify(ParralaxController/test/Unity) by extensions ['ignore', 'ignore_ament_install']
[0.281s] Level 1:colcon.colcon_core.package_identification:_identify(ParralaxController/test/Unity) by extension 'ignore'
[0.281s] Level 1:colcon.colcon_core.package_identification:_identify(ParralaxController/test/Unity) by extension 'ignore_ament_install'
[0.281s] Level 1:colcon.colcon_core.package_identification:_identify(ParralaxController/test/Unity) by extensions ['colcon_pkg']
[0.281s] Level 1:colcon.colcon_core.package_identification:_identify(ParralaxController/test/Unity) by extension 'colcon_pkg'
[0.281s] Level 1:colcon.colcon_core.package_identification:_identify(ParralaxController/test/Unity) by extensions ['colcon_meta']
[0.281s] Level 1:colcon.colcon_core.package_identification:_identify(ParralaxController/test/Unity) by extension 'colcon_meta'
[0.281s] Level 1:colcon.colcon_core.package_identification:_identify(ParralaxController/test/Unity) by extensions ['ros']
[0.282s] Level 1:colcon.colcon_core.package_identification:_identify(ParralaxController/test/Unity) by extension 'ros'
[0.282s] Level 1:colcon.colcon_core.package_identification:_identify(ParralaxController/test/Unity) by extensions ['cmake', 'python']
[0.282s] Level 1:colcon.colcon_core.package_identification:_identify(ParralaxController/test/Unity) by extension 'cmake'
[0.282s] Level 1:colcon.colcon_core.package_identification:_identify(ParralaxController/test/Unity) by extension 'python'
[0.282s] Level 1:colcon.colcon_core.package_identification:_identify(ParralaxController/test/Unity) by extensions ['python_setup_py']
[0.282s] Level 1:colcon.colcon_core.package_identification:_identify(ParralaxController/test/Unity) by extension 'python_setup_py'
[0.282s] Level 1:colcon.colcon_core.package_identification:_identify(ParralaxTestScripts) by extensions ['ignore', 'ignore_ament_install']
[0.282s] Level 1:colcon.colcon_core.package_identification:_identify(ParralaxTestScripts) by extension 'ignore'
[0.282s] Level 1:colcon.colcon_core.package_identification:_identify(ParralaxTestScripts) by extension 'ignore_ament_install'
[0.282s] Level 1:colcon.colcon_core.package_identification:_identify(ParralaxTestScripts) by extensions ['colcon_pkg']
[0.282s] Level 1:colcon.colcon_core.package_identification:_identify(ParralaxTestScripts) by extension 'colcon_pkg'
[0.282s] Level 1:colcon.colcon_core.package_identification:_identify(ParralaxTestScripts) by extensions ['colcon_meta']
[0.282s] Level 1:colcon.colcon_core.package_identification:_identify(ParralaxTestScripts) by extension 'colcon_meta'
[0.282s] Level 1:colcon.colcon_core.package_identification:_identify(ParralaxTestScripts) by extensions ['ros']
[0.282s] Level 1:colcon.colcon_core.package_identification:_identify(ParralaxTestScripts) by extension 'ros'
[0.282s] Level 1:colcon.colcon_core.package_identification:_identify(ParralaxTestScripts) by extensions ['cmake', 'python']
[0.282s] Level 1:colcon.colcon_core.package_identification:_identify(ParralaxTestScripts) by extension 'cmake'
[0.282s] Level 1:colcon.colcon_core.package_identification:_identify(ParralaxTestScripts) by extension 'python'
[0.282s] Level 1:colcon.colcon_core.package_identification:_identify(ParralaxTestScripts) by extensions ['python_setup_py']
[0.282s] Level 1:colcon.colcon_core.package_identification:_identify(ParralaxTestScripts) by extension 'python_setup_py'
[0.282s] Level 1:colcon.colcon_core.package_identification:_identify(ParralaxTestScripts/include) by extensions ['ignore', 'ignore_ament_install']
[0.282s] Level 1:colcon.colcon_core.package_identification:_identify(ParralaxTestScripts/include) by extension 'ignore'
[0.282s] Level 1:colcon.colcon_core.package_identification:_identify(ParralaxTestScripts/include) by extension 'ignore_ament_install'
[0.283s] Level 1:colcon.colcon_core.package_identification:_identify(ParralaxTestScripts/include) by extensions ['colcon_pkg']
[0.283s] Level 1:colcon.colcon_core.package_identification:_identify(ParralaxTestScripts/include) by extension 'colcon_pkg'
[0.283s] Level 1:colcon.colcon_core.package_identification:_identify(ParralaxTestScripts/include) by extensions ['colcon_meta']
[0.283s] Level 1:colcon.colcon_core.package_identification:_identify(ParralaxTestScripts/include) by extension 'colcon_meta'
[0.283s] Level 1:colcon.colcon_core.package_identification:_identify(ParralaxTestScripts/include) by extensions ['ros']
[0.283s] Level 1:colcon.colcon_core.package_identification:_identify(ParralaxTestScripts/include) by extension 'ros'
[0.283s] Level 1:colcon.colcon_core.package_identification:_identify(ParralaxTestScripts/include) by extensions ['cmake', 'python']
[0.283s] Level 1:colcon.colcon_core.package_identification:_identify(ParralaxTestScripts/include) by extension 'cmake'
[0.283s] Level 1:colcon.colcon_core.package_identification:_identify(ParralaxTestScripts/include) by extension 'python'
[0.283s] Level 1:colcon.colcon_core.package_identification:_identify(ParralaxTestScripts/include) by extensions ['python_setup_py']
[0.283s] Level 1:colcon.colcon_core.package_identification:_identify(ParralaxTestScripts/include) by extension 'python_setup_py'
[0.283s] Level 1:colcon.colcon_core.package_identification:_identify(PythonMockServer) by extensions ['ignore', 'ignore_ament_install']
[0.283s] Level 1:colcon.colcon_core.package_identification:_identify(PythonMockServer) by extension 'ignore'
[0.283s] Level 1:colcon.colcon_core.package_identification:_identify(PythonMockServer) by extension 'ignore_ament_install'
[0.283s] Level 1:colcon.colcon_core.package_identification:_identify(PythonMockServer) by extensions ['colcon_pkg']
[0.283s] Level 1:colcon.colcon_core.package_identification:_identify(PythonMockServer) by extension 'colcon_pkg'
[0.283s] Level 1:colcon.colcon_core.package_identification:_identify(PythonMockServer) by extensions ['colcon_meta']
[0.283s] Level 1:colcon.colcon_core.package_identification:_identify(PythonMockServer) by extension 'colcon_meta'
[0.283s] Level 1:colcon.colcon_core.package_identification:_identify(PythonMockServer) by extensions ['ros']
[0.283s] Level 1:colcon.colcon_core.package_identification:_identify(PythonMockServer) by extension 'ros'
[0.283s] Level 1:colcon.colcon_core.package_identification:_identify(PythonMockServer) by extensions ['cmake', 'python']
[0.283s] Level 1:colcon.colcon_core.package_identification:_identify(PythonMockServer) by extension 'cmake'
[0.283s] Level 1:colcon.colcon_core.package_identification:_identify(PythonMockServer) by extension 'python'
[0.283s] Level 1:colcon.colcon_core.package_identification:_identify(PythonMockServer) by extensions ['python_setup_py']
[0.283s] Level 1:colcon.colcon_core.package_identification:_identify(PythonMockServer) by extension 'python_setup_py'
[0.283s] Level 1:colcon.colcon_core.package_identification:_identify(TankBotPIO) by extensions ['ignore', 'ignore_ament_install']
[0.284s] Level 1:colcon.colcon_core.package_identification:_identify(TankBotPIO) by extension 'ignore'
[0.284s] Level 1:colcon.colcon_core.package_identification:_identify(TankBotPIO) by extension 'ignore_ament_install'
[0.284s] Level 1:colcon.colcon_core.package_identification:_identify(TankBotPIO) by extensions ['colcon_pkg']
[0.284s] Level 1:colcon.colcon_core.package_identification:_identify(TankBotPIO) by extension 'colcon_pkg'
[0.284s] Level 1:colcon.colcon_core.package_identification:_identify(TankBotPIO) by extensions ['colcon_meta']
[0.284s] Level 1:colcon.colcon_core.package_identification:_identify(TankBotPIO) by extension 'colcon_meta'
[0.284s] Level 1:colcon.colcon_core.package_identification:_identify(TankBotPIO) by extensions ['ros']
[0.284s] Level 1:colcon.colcon_core.package_identification:_identify(TankBotPIO) by extension 'ros'
[0.284s] Level 1:colcon.colcon_core.package_identification:_identify(TankBotPIO) by extensions ['cmake', 'python']
[0.284s] Level 1:colcon.colcon_core.package_identification:_identify(TankBotPIO) by extension 'cmake'
[0.284s] Level 1:colcon.colcon_core.package_identification:_identify(TankBotPIO) by extension 'python'
[0.284s] Level 1:colcon.colcon_core.package_identification:_identify(TankBotPIO) by extensions ['python_setup_py']
[0.284s] Level 1:colcon.colcon_core.package_identification:_identify(TankBotPIO) by extension 'python_setup_py'
[0.284s] Level 1:colcon.colcon_core.package_identification:_identify(TankBotPIO/include) by extensions ['ignore', 'ignore_ament_install']
[0.284s] Level 1:colcon.colcon_core.package_identification:_identify(TankBotPIO/include) by extension 'ignore'
[0.284s] Level 1:colcon.colcon_core.package_identification:_identify(TankBotPIO/include) by extension 'ignore_ament_install'
[0.284s] Level 1:colcon.colcon_core.package_identification:_identify(TankBotPIO/include) by extensions ['colcon_pkg']
[0.284s] Level 1:colcon.colcon_core.package_identification:_identify(TankBotPIO/include) by extension 'colcon_pkg'
[0.284s] Level 1:colcon.colcon_core.package_identification:_identify(TankBotPIO/include) by extensions ['colcon_meta']
[0.285s] Level 1:colcon.colcon_core.package_identification:_identify(TankBotPIO/include) by extension 'colcon_meta'
[0.285s] Level 1:colcon.colcon_core.package_identification:_identify(TankBotPIO/include) by extensions ['ros']
[0.285s] Level 1:colcon.colcon_core.package_identification:_identify(TankBotPIO/include) by extension 'ros'
[0.285s] Level 1:colcon.colcon_core.package_identification:_identify(TankBotPIO/include) by extensions ['cmake', 'python']
[0.285s] Level 1:colcon.colcon_core.package_identification:_identify(TankBotPIO/include) by extension 'cmake'
[0.285s] Level 1:colcon.colcon_core.package_identification:_identify(TankBotPIO/include) by extension 'python'
[0.285s] Level 1:colcon.colcon_core.package_identification:_identify(TankBotPIO/include) by extensions ['python_setup_py']
[0.285s] Level 1:colcon.colcon_core.package_identification:_identify(TankBotPIO/include) by extension 'python_setup_py'
[0.285s] Level 1:colcon.colcon_core.package_identification:_identify(TankBotPIO/lib) by extensions ['ignore', 'ignore_ament_install']
[0.285s] Level 1:colcon.colcon_core.package_identification:_identify(TankBotPIO/lib) by extension 'ignore'
[0.285s] Level 1:colcon.colcon_core.package_identification:_identify(TankBotPIO/lib) by extension 'ignore_ament_install'
[0.285s] Level 1:colcon.colcon_core.package_identification:_identify(TankBotPIO/lib) by extensions ['colcon_pkg']
[0.285s] Level 1:colcon.colcon_core.package_identification:_identify(TankBotPIO/lib) by extension 'colcon_pkg'
[0.285s] Level 1:colcon.colcon_core.package_identification:_identify(TankBotPIO/lib) by extensions ['colcon_meta']
[0.285s] Level 1:colcon.colcon_core.package_identification:_identify(TankBotPIO/lib) by extension 'colcon_meta'
[0.285s] Level 1:colcon.colcon_core.package_identification:_identify(TankBotPIO/lib) by extensions ['ros']
[0.285s] Level 1:colcon.colcon_core.package_identification:_identify(TankBotPIO/lib) by extension 'ros'
[0.285s] Level 1:colcon.colcon_core.package_identification:_identify(TankBotPIO/lib) by extensions ['cmake', 'python']
[0.285s] Level 1:colcon.colcon_core.package_identification:_identify(TankBotPIO/lib) by extension 'cmake'
[0.285s] Level 1:colcon.colcon_core.package_identification:_identify(TankBotPIO/lib) by extension 'python'
[0.285s] Level 1:colcon.colcon_core.package_identification:_identify(TankBotPIO/lib) by extensions ['python_setup_py']
[0.285s] Level 1:colcon.colcon_core.package_identification:_identify(TankBotPIO/lib) by extension 'python_setup_py'
[0.286s] Level 1:colcon.colcon_core.package_identification:_identify(TankBotPIO/lib/PS2X_lib) by extensions ['ignore', 'ignore_ament_install']
[0.286s] Level 1:colcon.colcon_core.package_identification:_identify(TankBotPIO/lib/PS2X_lib) by extension 'ignore'
[0.286s] Level 1:colcon.colcon_core.package_identification:_identify(TankBotPIO/lib/PS2X_lib) by extension 'ignore_ament_install'
[0.286s] Level 1:colcon.colcon_core.package_identification:_identify(TankBotPIO/lib/PS2X_lib) by extensions ['colcon_pkg']
[0.286s] Level 1:colcon.colcon_core.package_identification:_identify(TankBotPIO/lib/PS2X_lib) by extension 'colcon_pkg'
[0.286s] Level 1:colcon.colcon_core.package_identification:_identify(TankBotPIO/lib/PS2X_lib) by extensions ['colcon_meta']
[0.286s] Level 1:colcon.colcon_core.package_identification:_identify(TankBotPIO/lib/PS2X_lib) by extension 'colcon_meta'
[0.286s] Level 1:colcon.colcon_core.package_identification:_identify(TankBotPIO/lib/PS2X_lib) by extensions ['ros']
[0.286s] Level 1:colcon.colcon_core.package_identification:_identify(TankBotPIO/lib/PS2X_lib) by extension 'ros'
[0.286s] Level 1:colcon.colcon_core.package_identification:_identify(TankBotPIO/lib/PS2X_lib) by extensions ['cmake', 'python']
[0.286s] Level 1:colcon.colcon_core.package_identification:_identify(TankBotPIO/lib/PS2X_lib) by extension 'cmake'
[0.286s] Level 1:colcon.colcon_core.package_identification:_identify(TankBotPIO/lib/PS2X_lib) by extension 'python'
[0.286s] Level 1:colcon.colcon_core.package_identification:_identify(TankBotPIO/lib/PS2X_lib) by extensions ['python_setup_py']
[0.286s] Level 1:colcon.colcon_core.package_identification:_identify(TankBotPIO/lib/PS2X_lib) by extension 'python_setup_py'
[0.286s] Level 1:colcon.colcon_core.package_identification:_identify(TankBotPIO/lib/PS2functions) by extensions ['ignore', 'ignore_ament_install']
[0.286s] Level 1:colcon.colcon_core.package_identification:_identify(TankBotPIO/lib/PS2functions) by extension 'ignore'
[0.286s] Level 1:colcon.colcon_core.package_identification:_identify(TankBotPIO/lib/PS2functions) by extension 'ignore_ament_install'
[0.286s] Level 1:colcon.colcon_core.package_identification:_identify(TankBotPIO/lib/PS2functions) by extensions ['colcon_pkg']
[0.286s] Level 1:colcon.colcon_core.package_identification:_identify(TankBotPIO/lib/PS2functions) by extension 'colcon_pkg'
[0.286s] Level 1:colcon.colcon_core.package_identification:_identify(TankBotPIO/lib/PS2functions) by extensions ['colcon_meta']
[0.286s] Level 1:colcon.colcon_core.package_identification:_identify(TankBotPIO/lib/PS2functions) by extension 'colcon_meta'
[0.286s] Level 1:colcon.colcon_core.package_identification:_identify(TankBotPIO/lib/PS2functions) by extensions ['ros']
[0.286s] Level 1:colcon.colcon_core.package_identification:_identify(TankBotPIO/lib/PS2functions) by extension 'ros'
[0.287s] Level 1:colcon.colcon_core.package_identification:_identify(TankBotPIO/lib/PS2functions) by extensions ['cmake', 'python']
[0.287s] Level 1:colcon.colcon_core.package_identification:_identify(TankBotPIO/lib/PS2functions) by extension 'cmake'
[0.287s] Level 1:colcon.colcon_core.package_identification:_identify(TankBotPIO/lib/PS2functions) by extension 'python'
[0.287s] Level 1:colcon.colcon_core.package_identification:_identify(TankBotPIO/lib/PS2functions) by extensions ['python_setup_py']
[0.287s] Level 1:colcon.colcon_core.package_identification:_identify(TankBotPIO/lib/PS2functions) by extension 'python_setup_py'
[0.287s] Level 1:colcon.colcon_core.package_identification:_identify(TankBotPIO/lib/ServoTimer2) by extensions ['ignore', 'ignore_ament_install']
[0.287s] Level 1:colcon.colcon_core.package_identification:_identify(TankBotPIO/lib/ServoTimer2) by extension 'ignore'
[0.287s] Level 1:colcon.colcon_core.package_identification:_identify(TankBotPIO/lib/ServoTimer2) by extension 'ignore_ament_install'
[0.287s] Level 1:colcon.colcon_core.package_identification:_identify(TankBotPIO/lib/ServoTimer2) by extensions ['colcon_pkg']
[0.287s] Level 1:colcon.colcon_core.package_identification:_identify(TankBotPIO/lib/ServoTimer2) by extension 'colcon_pkg'
[0.287s] Level 1:colcon.colcon_core.package_identification:_identify(TankBotPIO/lib/ServoTimer2) by extensions ['colcon_meta']
[0.287s] Level 1:colcon.colcon_core.package_identification:_identify(TankBotPIO/lib/ServoTimer2) by extension 'colcon_meta'
[0.287s] Level 1:colcon.colcon_core.package_identification:_identify(TankBotPIO/lib/ServoTimer2) by extensions ['ros']
[0.287s] Level 1:colcon.colcon_core.package_identification:_identify(TankBotPIO/lib/ServoTimer2) by extension 'ros'
[0.287s] Level 1:colcon.colcon_core.package_identification:_identify(TankBotPIO/lib/ServoTimer2) by extensions ['cmake', 'python']
[0.287s] Level 1:colcon.colcon_core.package_identification:_identify(TankBotPIO/lib/ServoTimer2) by extension 'cmake'
[0.287s] Level 1:colcon.colcon_core.package_identification:_identify(TankBotPIO/lib/ServoTimer2) by extension 'python'
[0.287s] Level 1:colcon.colcon_core.package_identification:_identify(TankBotPIO/lib/ServoTimer2) by extensions ['python_setup_py']
[0.287s] Level 1:colcon.colcon_core.package_identification:_identify(TankBotPIO/lib/ServoTimer2) by extension 'python_setup_py'
[0.287s] Level 1:colcon.colcon_core.package_identification:_identify(TankBotPIO/src) by extensions ['ignore', 'ignore_ament_install']
[0.287s] Level 1:colcon.colcon_core.package_identification:_identify(TankBotPIO/src) by extension 'ignore'
[0.287s] Level 1:colcon.colcon_core.package_identification:_identify(TankBotPIO/src) by extension 'ignore_ament_install'
[0.287s] Level 1:colcon.colcon_core.package_identification:_identify(TankBotPIO/src) by extensions ['colcon_pkg']
[0.287s] Level 1:colcon.colcon_core.package_identification:_identify(TankBotPIO/src) by extension 'colcon_pkg'
[0.288s] Level 1:colcon.colcon_core.package_identification:_identify(TankBotPIO/src) by extensions ['colcon_meta']
[0.288s] Level 1:colcon.colcon_core.package_identification:_identify(TankBotPIO/src) by extension 'colcon_meta'
[0.288s] Level 1:colcon.colcon_core.package_identification:_identify(TankBotPIO/src) by extensions ['ros']
[0.288s] Level 1:colcon.colcon_core.package_identification:_identify(TankBotPIO/src) by extension 'ros'
[0.288s] Level 1:colcon.colcon_core.package_identification:_identify(TankBotPIO/src) by extensions ['cmake', 'python']
[0.288s] Level 1:colcon.colcon_core.package_identification:_identify(TankBotPIO/src) by extension 'cmake'
[0.288s] Level 1:colcon.colcon_core.package_identification:_identify(TankBotPIO/src) by extension 'python'
[0.288s] Level 1:colcon.colcon_core.package_identification:_identify(TankBotPIO/src) by extensions ['python_setup_py']
[0.288s] Level 1:colcon.colcon_core.package_identification:_identify(TankBotPIO/src) by extension 'python_setup_py'
[0.288s] Level 1:colcon.colcon_core.package_identification:_identify(TankBotPIO/test) by extensions ['ignore', 'ignore_ament_install']
[0.288s] Level 1:colcon.colcon_core.package_identification:_identify(TankBotPIO/test) by extension 'ignore'
[0.288s] Level 1:colcon.colcon_core.package_identification:_identify(TankBotPIO/test) by extension 'ignore_ament_install'
[0.288s] Level 1:colcon.colcon_core.package_identification:_identify(TankBotPIO/test) by extensions ['colcon_pkg']
[0.288s] Level 1:colcon.colcon_core.package_identification:_identify(TankBotPIO/test) by extension 'colcon_pkg'
[0.288s] Level 1:colcon.colcon_core.package_identification:_identify(TankBotPIO/test) by extensions ['colcon_meta']
[0.288s] Level 1:colcon.colcon_core.package_identification:_identify(TankBotPIO/test) by extension 'colcon_meta'
[0.288s] Level 1:colcon.colcon_core.package_identification:_identify(TankBotPIO/test) by extensions ['ros']
[0.288s] Level 1:colcon.colcon_core.package_identification:_identify(TankBotPIO/test) by extension 'ros'
[0.288s] Level 1:colcon.colcon_core.package_identification:_identify(TankBotPIO/test) by extensions ['cmake', 'python']
[0.288s] Level 1:colcon.colcon_core.package_identification:_identify(TankBotPIO/test) by extension 'cmake'
[0.288s] Level 1:colcon.colcon_core.package_identification:_identify(TankBotPIO/test) by extension 'python'
[0.288s] Level 1:colcon.colcon_core.package_identification:_identify(TankBotPIO/test) by extensions ['python_setup_py']
[0.288s] Level 1:colcon.colcon_core.package_identification:_identify(TankBotPIO/test) by extension 'python_setup_py'
[0.288s] Level 1:colcon.colcon_core.package_identification:_identify(TankBotWebUI) by extensions ['ignore', 'ignore_ament_install']
[0.288s] Level 1:colcon.colcon_core.package_identification:_identify(TankBotWebUI) by extension 'ignore'
[0.289s] Level 1:colcon.colcon_core.package_identification:_identify(TankBotWebUI) by extension 'ignore_ament_install'
[0.289s] Level 1:colcon.colcon_core.package_identification:_identify(TankBotWebUI) by extensions ['colcon_pkg']
[0.289s] Level 1:colcon.colcon_core.package_identification:_identify(TankBotWebUI) by extension 'colcon_pkg'
[0.289s] Level 1:colcon.colcon_core.package_identification:_identify(TankBotWebUI) by extensions ['colcon_meta']
[0.289s] Level 1:colcon.colcon_core.package_identification:_identify(TankBotWebUI) by extension 'colcon_meta'
[0.289s] Level 1:colcon.colcon_core.package_identification:_identify(TankBotWebUI) by extensions ['ros']
[0.289s] Level 1:colcon.colcon_core.package_identification:_identify(TankBotWebUI) by extension 'ros'
[0.289s] Level 1:colcon.colcon_core.package_identification:_identify(TankBotWebUI) by extensions ['cmake', 'python']
[0.289s] Level 1:colcon.colcon_core.package_identification:_identify(TankBotWebUI) by extension 'cmake'
[0.289s] Level 1:colcon.colcon_core.package_identification:_identify(TankBotWebUI) by extension 'python'
[0.289s] Level 1:colcon.colcon_core.package_identification:_identify(TankBotWebUI) by extensions ['python_setup_py']
[0.289s] Level 1:colcon.colcon_core.package_identification:_identify(TankBotWebUI) by extension 'python_setup_py'
[0.289s] Level 1:colcon.colcon_core.package_identification:_identify(TankBotWebUI/Html_Build) by extensions ['ignore', 'ignore_ament_install']
[0.289s] Level 1:colcon.colcon_core.package_identification:_identify(TankBotWebUI/Html_Build) by extension 'ignore'
[0.289s] Level 1:colcon.colcon_core.package_identification:_identify(TankBotWebUI/Html_Build) by extension 'ignore_ament_install'
[0.289s] Level 1:colcon.colcon_core.package_identification:_identify(TankBotWebUI/Html_Build) by extensions ['colcon_pkg']
[0.289s] Level 1:colcon.colcon_core.package_identification:_identify(TankBotWebUI/Html_Build) by extension 'colcon_pkg'
[0.289s] Level 1:colcon.colcon_core.package_identification:_identify(TankBotWebUI/Html_Build) by extensions ['colcon_meta']
[0.289s] Level 1:colcon.colcon_core.package_identification:_identify(TankBotWebUI/Html_Build) by extension 'colcon_meta'
[0.289s] Level 1:colcon.colcon_core.package_identification:_identify(TankBotWebUI/Html_Build) by extensions ['ros']
[0.289s] Level 1:colcon.colcon_core.package_identification:_identify(TankBotWebUI/Html_Build) by extension 'ros'
[0.289s] Level 1:colcon.colcon_core.package_identification:_identify(TankBotWebUI/Html_Build) by extensions ['cmake', 'python']
[0.289s] Level 1:colcon.colcon_core.package_identification:_identify(TankBotWebUI/Html_Build) by extension 'cmake'
[0.289s] Level 1:colcon.colcon_core.package_identification:_identify(TankBotWebUI/Html_Build) by extension 'python'
[0.289s] Level 1:colcon.colcon_core.package_identification:_identify(TankBotWebUI/Html_Build) by extensions ['python_setup_py']
[0.289s] Level 1:colcon.colcon_core.package_identification:_identify(TankBotWebUI/Html_Build) by extension 'python_setup_py'
[0.290s] Level 1:colcon.colcon_core.package_identification:_identify(TankBotWebUI/Properties) by extensions ['ignore', 'ignore_ament_install']
[0.290s] Level 1:colcon.colcon_core.package_identification:_identify(TankBotWebUI/Properties) by extension 'ignore'
[0.290s] Level 1:colcon.colcon_core.package_identification:_identify(TankBotWebUI/Properties) by extension 'ignore_ament_install'
[0.290s] Level 1:colcon.colcon_core.package_identification:_identify(TankBotWebUI/Properties) by extensions ['colcon_pkg']
[0.290s] Level 1:colcon.colcon_core.package_identification:_identify(TankBotWebUI/Properties) by extension 'colcon_pkg'
[0.290s] Level 1:colcon.colcon_core.package_identification:_identify(TankBotWebUI/Properties) by extensions ['colcon_meta']
[0.290s] Level 1:colcon.colcon_core.package_identification:_identify(TankBotWebUI/Properties) by extension 'colcon_meta'
[0.290s] Level 1:colcon.colcon_core.package_identification:_identify(TankBotWebUI/Properties) by extensions ['ros']
[0.290s] Level 1:colcon.colcon_core.package_identification:_identify(TankBotWebUI/Properties) by extension 'ros'
[0.290s] Level 1:colcon.colcon_core.package_identification:_identify(TankBotWebUI/Properties) by extensions ['cmake', 'python']
[0.290s] Level 1:colcon.colcon_core.package_identification:_identify(TankBotWebUI/Properties) by extension 'cmake'
[0.290s] Level 1:colcon.colcon_core.package_identification:_identify(TankBotWebUI/Properties) by extension 'python'
[0.290s] Level 1:colcon.colcon_core.package_identification:_identify(TankBotWebUI/Properties) by extensions ['python_setup_py']
[0.290s] Level 1:colcon.colcon_core.package_identification:_identify(TankBotWebUI/Properties) by extension 'python_setup_py'
[0.290s] Level 1:colcon.colcon_core.package_identification:_identify(TankBotWebUI/src) by extensions ['ignore', 'ignore_ament_install']
[0.290s] Level 1:colcon.colcon_core.package_identification:_identify(TankBotWebUI/src) by extension 'ignore'
[0.290s] Level 1:colcon.colcon_core.package_identification:_identify(TankBotWebUI/src) by extension 'ignore_ament_install'
[0.290s] Level 1:colcon.colcon_core.package_identification:_identify(TankBotWebUI/src) by extensions ['colcon_pkg']
[0.290s] Level 1:colcon.colcon_core.package_identification:_identify(TankBotWebUI/src) by extension 'colcon_pkg'
[0.290s] Level 1:colcon.colcon_core.package_identification:_identify(TankBotWebUI/src) by extensions ['colcon_meta']
[0.290s] Level 1:colcon.colcon_core.package_identification:_identify(TankBotWebUI/src) by extension 'colcon_meta'
[0.290s] Level 1:colcon.colcon_core.package_identification:_identify(TankBotWebUI/src) by extensions ['ros']
[0.290s] Level 1:colcon.colcon_core.package_identification:_identify(TankBotWebUI/src) by extension 'ros'
[0.290s] Level 1:colcon.colcon_core.package_identification:_identify(TankBotWebUI/src) by extensions ['cmake', 'python']
[0.290s] Level 1:colcon.colcon_core.package_identification:_identify(TankBotWebUI/src) by extension 'cmake'
[0.291s] Level 1:colcon.colcon_core.package_identification:_identify(TankBotWebUI/src) by extension 'python'
[0.291s] Level 1:colcon.colcon_core.package_identification:_identify(TankBotWebUI/src) by extensions ['python_setup_py']
[0.291s] Level 1:colcon.colcon_core.package_identification:_identify(TankBotWebUI/src) by extension 'python_setup_py'
[0.291s] Level 1:colcon.colcon_core.package_identification:_identify(TankBotWebUI/src/WALL_E) by extensions ['ignore', 'ignore_ament_install']
[0.291s] Level 1:colcon.colcon_core.package_identification:_identify(TankBotWebUI/src/WALL_E) by extension 'ignore'
[0.291s] Level 1:colcon.colcon_core.package_identification:_identify(TankBotWebUI/src/WALL_E) by extension 'ignore_ament_install'
[0.291s] Level 1:colcon.colcon_core.package_identification:_identify(TankBotWebUI/src/WALL_E) by extensions ['colcon_pkg']
[0.291s] Level 1:colcon.colcon_core.package_identification:_identify(TankBotWebUI/src/WALL_E) by extension 'colcon_pkg'
[0.291s] Level 1:colcon.colcon_core.package_identification:_identify(TankBotWebUI/src/WALL_E) by extensions ['colcon_meta']
[0.291s] Level 1:colcon.colcon_core.package_identification:_identify(TankBotWebUI/src/WALL_E) by extension 'colcon_meta'
[0.291s] Level 1:colcon.colcon_core.package_identification:_identify(TankBotWebUI/src/WALL_E) by extensions ['ros']
[0.291s] Level 1:colcon.colcon_core.package_identification:_identify(TankBotWebUI/src/WALL_E) by extension 'ros'
[0.291s] Level 1:colcon.colcon_core.package_identification:_identify(TankBotWebUI/src/WALL_E) by extensions ['cmake', 'python']
[0.291s] Level 1:colcon.colcon_core.package_identification:_identify(TankBotWebUI/src/WALL_E) by extension 'cmake'
[0.291s] Level 1:colcon.colcon_core.package_identification:_identify(TankBotWebUI/src/WALL_E) by extension 'python'
[0.291s] Level 1:colcon.colcon_core.package_identification:_identify(TankBotWebUI/src/WALL_E) by extensions ['python_setup_py']
[0.291s] Level 1:colcon.colcon_core.package_identification:_identify(TankBotWebUI/src/WALL_E) by extension 'python_setup_py'
[0.291s] Level 1:colcon.colcon_core.package_identification:_identify(TankBotWebUI/wwwroot) by extensions ['ignore', 'ignore_ament_install']
[0.291s] Level 1:colcon.colcon_core.package_identification:_identify(TankBotWebUI/wwwroot) by extension 'ignore'
[0.291s] Level 1:colcon.colcon_core.package_identification:_identify(TankBotWebUI/wwwroot) by extension 'ignore_ament_install'
[0.291s] Level 1:colcon.colcon_core.package_identification:_identify(TankBotWebUI/wwwroot) by extensions ['colcon_pkg']
[0.291s] Level 1:colcon.colcon_core.package_identification:_identify(TankBotWebUI/wwwroot) by extension 'colcon_pkg'
[0.291s] Level 1:colcon.colcon_core.package_identification:_identify(TankBotWebUI/wwwroot) by extensions ['colcon_meta']
[0.291s] Level 1:colcon.colcon_core.package_identification:_identify(TankBotWebUI/wwwroot) by extension 'colcon_meta'
[0.292s] Level 1:colcon.colcon_core.package_identification:_identify(TankBotWebUI/wwwroot) by extensions ['ros']
[0.292s] Level 1:colcon.colcon_core.package_identification:_identify(TankBotWebUI/wwwroot) by extension 'ros'
[0.292s] Level 1:colcon.colcon_core.package_identification:_identify(TankBotWebUI/wwwroot) by extensions ['cmake', 'python']
[0.292s] Level 1:colcon.colcon_core.package_identification:_identify(TankBotWebUI/wwwroot) by extension 'cmake'
[0.292s] Level 1:colcon.colcon_core.package_identification:_identify(TankBotWebUI/wwwroot) by extension 'python'
[0.292s] Level 1:colcon.colcon_core.package_identification:_identify(TankBotWebUI/wwwroot) by extensions ['python_setup_py']
[0.292s] Level 1:colcon.colcon_core.package_identification:_identify(TankBotWebUI/wwwroot) by extension 'python_setup_py'
[0.292s] Level 1:colcon.colcon_core.package_identification:_identify(TankStatusProtocol) by extensions ['ignore', 'ignore_ament_install']
[0.292s] Level 1:colcon.colcon_core.package_identification:_identify(TankStatusProtocol) by extension 'ignore'
[0.292s] Level 1:colcon.colcon_core.package_identification:_identify(TankStatusProtocol) by extension 'ignore_ament_install'
[0.292s] Level 1:colcon.colcon_core.package_identification:_identify(TankStatusProtocol) by extensions ['colcon_pkg']
[0.292s] Level 1:colcon.colcon_core.package_identification:_identify(TankStatusProtocol) by extension 'colcon_pkg'
[0.292s] Level 1:colcon.colcon_core.package_identification:_identify(TankStatusProtocol) by extensions ['colcon_meta']
[0.292s] Level 1:colcon.colcon_core.package_identification:_identify(TankStatusProtocol) by extension 'colcon_meta'
[0.292s] Level 1:colcon.colcon_core.package_identification:_identify(TankStatusProtocol) by extensions ['ros']
[0.292s] Level 1:colcon.colcon_core.package_identification:_identify(TankStatusProtocol) by extension 'ros'
[0.292s] Level 1:colcon.colcon_core.package_identification:_identify(TankStatusProtocol) by extensions ['cmake', 'python']
[0.292s] Level 1:colcon.colcon_core.package_identification:_identify(TankStatusProtocol) by extension 'cmake'
[0.293s] Level 1:colcon.colcon_core.package_identification:_identify(TankStatusProtocol) by extension 'python'
[0.293s] DEBUG:colcon.colcon_core.package_identification:Package 'TankStatusProtocol' with type 'cmake' and name 'TankStatusProtocol'
[0.293s] Level 1:colcon.colcon_core.package_identification:_identify(WebSocketGateway) by extensions ['ignore', 'ignore_ament_install']
[0.293s] Level 1:colcon.colcon_core.package_identification:_identify(WebSocketGateway) by extension 'ignore'
[0.293s] Level 1:colcon.colcon_core.package_identification:_identify(WebSocketGateway) by extension 'ignore_ament_install'
[0.293s] Level 1:colcon.colcon_core.package_identification:_identify(WebSocketGateway) by extensions ['colcon_pkg']
[0.293s] Level 1:colcon.colcon_core.package_identification:_identify(WebSocketGateway) by extension 'colcon_pkg'
[0.293s] Level 1:colcon.colcon_core.package_identification:_identify(WebSocketGateway) by extensions ['colcon_meta']
[0.293s] Level 1:colcon.colcon_core.package_identification:_identify(WebSocketGateway) by extension 'colcon_meta'
[0.294s] Level 1:colcon.colcon_core.package_identification:_identify(WebSocketGateway) by extensions ['ros']
[0.294s] Level 1:colcon.colcon_core.package_identification:_identify(WebSocketGateway) by extension 'ros'
[0.294s] Level 1:colcon.colcon_core.package_identification:_identify(WebSocketGateway) by extensions ['cmake', 'python']
[0.294s] Level 1:colcon.colcon_core.package_identification:_identify(WebSocketGateway) by extension 'cmake'
[0.294s] Level 1:colcon.colcon_core.package_identification:_identify(WebSocketGateway) by extension 'python'
[0.294s] Level 1:colcon.colcon_core.package_identification:_identify(WebSocketGateway) by extensions ['python_setup_py']
[0.294s] Level 1:colcon.colcon_core.package_identification:_identify(WebSocketGateway) by extension 'python_setup_py'
[0.294s] Level 1:colcon.colcon_core.package_identification:_identify(WebSocketGateway/WebSocketGateway) by extensions ['ignore', 'ignore_ament_install']
[0.294s] Level 1:colcon.colcon_core.package_identification:_identify(WebSocketGateway/WebSocketGateway) by extension 'ignore'
[0.294s] Level 1:colcon.colcon_core.package_identification:_identify(WebSocketGateway/WebSocketGateway) by extension 'ignore_ament_install'
[0.294s] Level 1:colcon.colcon_core.package_identification:_identify(WebSocketGateway/WebSocketGateway) by extensions ['colcon_pkg']
[0.294s] Level 1:colcon.colcon_core.package_identification:_identify(WebSocketGateway/WebSocketGateway) by extension 'colcon_pkg'
[0.294s] Level 1:colcon.colcon_core.package_identification:_identify(WebSocketGateway/WebSocketGateway) by extensions ['colcon_meta']
[0.294s] Level 1:colcon.colcon_core.package_identification:_identify(WebSocketGateway/WebSocketGateway) by extension 'colcon_meta'
[0.294s] Level 1:colcon.colcon_core.package_identification:_identify(WebSocketGateway/WebSocketGateway) by extensions ['ros']
[0.294s] Level 1:colcon.colcon_core.package_identification:_identify(WebSocketGateway/WebSocketGateway) by extension 'ros'
[0.294s] Level 1:colcon.colcon_core.package_identification:_identify(WebSocketGateway/WebSocketGateway) by extensions ['cmake', 'python']
[0.294s] Level 1:colcon.colcon_core.package_identification:_identify(WebSocketGateway/WebSocketGateway) by extension 'cmake'
[0.294s] Level 1:colcon.colcon_core.package_identification:_identify(WebSocketGateway/WebSocketGateway) by extension 'python'
[0.295s] Level 1:colcon.colcon_core.package_identification:_identify(WebSocketGateway/WebSocketGateway) by extensions ['python_setup_py']
[0.295s] Level 1:colcon.colcon_core.package_identification:_identify(WebSocketGateway/WebSocketGateway) by extension 'python_setup_py'
[0.295s] Level 1:colcon.colcon_core.package_identification:_identify(WebSocketGateway/WebSocketGateway/__pycache__) by extensions ['ignore', 'ignore_ament_install']
[0.295s] Level 1:colcon.colcon_core.package_identification:_identify(WebSocketGateway/WebSocketGateway/__pycache__) by extension 'ignore'
[0.295s] Level 1:colcon.colcon_core.package_identification:_identify(WebSocketGateway/WebSocketGateway/__pycache__) by extension 'ignore_ament_install'
[0.295s] Level 1:colcon.colcon_core.package_identification:_identify(WebSocketGateway/WebSocketGateway/__pycache__) by extensions ['colcon_pkg']
[0.295s] Level 1:colcon.colcon_core.package_identification:_identify(WebSocketGateway/WebSocketGateway/__pycache__) by extension 'colcon_pkg'
[0.295s] Level 1:colcon.colcon_core.package_identification:_identify(WebSocketGateway/WebSocketGateway/__pycache__) by extensions ['colcon_meta']
[0.295s] Level 1:colcon.colcon_core.package_identification:_identify(WebSocketGateway/WebSocketGateway/__pycache__) by extension 'colcon_meta'
[0.295s] Level 1:colcon.colcon_core.package_identification:_identify(WebSocketGateway/WebSocketGateway/__pycache__) by extensions ['ros']
[0.295s] Level 1:colcon.colcon_core.package_identification:_identify(WebSocketGateway/WebSocketGateway/__pycache__) by extension 'ros'
[0.295s] Level 1:colcon.colcon_core.package_identification:_identify(WebSocketGateway/WebSocketGateway/__pycache__) by extensions ['cmake', 'python']
[0.295s] Level 1:colcon.colcon_core.package_identification:_identify(WebSocketGateway/WebSocketGateway/__pycache__) by extension 'cmake'
[0.295s] Level 1:colcon.colcon_core.package_identification:_identify(WebSocketGateway/WebSocketGateway/__pycache__) by extension 'python'
[0.295s] Level 1:colcon.colcon_core.package_identification:_identify(WebSocketGateway/WebSocketGateway/__pycache__) by extensions ['python_setup_py']
[0.295s] Level 1:colcon.colcon_core.package_identification:_identify(WebSocketGateway/WebSocketGateway/__pycache__) by extension 'python_setup_py'
[0.295s] Level 1:colcon.colcon_core.package_identification:_identify(WebUIGodot3) by extensions ['ignore', 'ignore_ament_install']
[0.295s] Level 1:colcon.colcon_core.package_identification:_identify(WebUIGodot3) by extension 'ignore'
[0.295s] Level 1:colcon.colcon_core.package_identification:_identify(WebUIGodot3) by extension 'ignore_ament_install'
[0.295s] Level 1:colcon.colcon_core.package_identification:_identify(WebUIGodot3) by extensions ['colcon_pkg']
[0.295s] Level 1:colcon.colcon_core.package_identification:_identify(WebUIGodot3) by extension 'colcon_pkg'
[0.295s] Level 1:colcon.colcon_core.package_identification:_identify(WebUIGodot3) by extensions ['colcon_meta']
[0.295s] Level 1:colcon.colcon_core.package_identification:_identify(WebUIGodot3) by extension 'colcon_meta'
[0.296s] Level 1:colcon.colcon_core.package_identification:_identify(WebUIGodot3) by extensions ['ros']
[0.296s] Level 1:colcon.colcon_core.package_identification:_identify(WebUIGodot3) by extension 'ros'
[0.296s] Level 1:colcon.colcon_core.package_identification:_identify(WebUIGodot3) by extensions ['cmake', 'python']
[0.296s] Level 1:colcon.colcon_core.package_identification:_identify(WebUIGodot3) by extension 'cmake'
[0.296s] Level 1:colcon.colcon_core.package_identification:_identify(WebUIGodot3) by extension 'python'
[0.296s] Level 1:colcon.colcon_core.package_identification:_identify(WebUIGodot3) by extensions ['python_setup_py']
[0.296s] Level 1:colcon.colcon_core.package_identification:_identify(WebUIGodot3) by extension 'python_setup_py'
[0.296s] Level 1:colcon.colcon_core.package_identification:_identify(WebUIGodot3/webui_tankstatus) by extensions ['ignore', 'ignore_ament_install']
[0.296s] Level 1:colcon.colcon_core.package_identification:_identify(WebUIGodot3/webui_tankstatus) by extension 'ignore'
[0.296s] Level 1:colcon.colcon_core.package_identification:_identify(WebUIGodot3/webui_tankstatus) by extension 'ignore_ament_install'
[0.296s] Level 1:colcon.colcon_core.package_identification:_identify(WebUIGodot3/webui_tankstatus) by extensions ['colcon_pkg']
[0.296s] Level 1:colcon.colcon_core.package_identification:_identify(WebUIGodot3/webui_tankstatus) by extension 'colcon_pkg'
[0.296s] Level 1:colcon.colcon_core.package_identification:_identify(WebUIGodot3/webui_tankstatus) by extensions ['colcon_meta']
[0.296s] Level 1:colcon.colcon_core.package_identification:_identify(WebUIGodot3/webui_tankstatus) by extension 'colcon_meta'
[0.296s] Level 1:colcon.colcon_core.package_identification:_identify(WebUIGodot3/webui_tankstatus) by extensions ['ros']
[0.296s] Level 1:colcon.colcon_core.package_identification:_identify(WebUIGodot3/webui_tankstatus) by extension 'ros'
[0.296s] Level 1:colcon.colcon_core.package_identification:_identify(WebUIGodot3/webui_tankstatus) by extensions ['cmake', 'python']
[0.296s] Level 1:colcon.colcon_core.package_identification:_identify(WebUIGodot3/webui_tankstatus) by extension 'cmake'
[0.296s] Level 1:colcon.colcon_core.package_identification:_identify(WebUIGodot3/webui_tankstatus) by extension 'python'
[0.296s] Level 1:colcon.colcon_core.package_identification:_identify(WebUIGodot3/webui_tankstatus) by extensions ['python_setup_py']
[0.296s] Level 1:colcon.colcon_core.package_identification:_identify(WebUIGodot3/webui_tankstatus) by extension 'python_setup_py'
[0.297s] Level 1:colcon.colcon_core.package_identification:_identify(arduino) by extensions ['ignore', 'ignore_ament_install']
[0.297s] Level 1:colcon.colcon_core.package_identification:_identify(arduino) by extension 'ignore'
[0.297s] Level 1:colcon.colcon_core.package_identification:_identify(arduino) by extension 'ignore_ament_install'
[0.297s] Level 1:colcon.colcon_core.package_identification:_identify(arduino) by extensions ['colcon_pkg']
[0.297s] Level 1:colcon.colcon_core.package_identification:_identify(arduino) by extension 'colcon_pkg'
[0.297s] Level 1:colcon.colcon_core.package_identification:_identify(arduino) by extensions ['colcon_meta']
[0.297s] Level 1:colcon.colcon_core.package_identification:_identify(arduino) by extension 'colcon_meta'
[0.297s] Level 1:colcon.colcon_core.package_identification:_identify(arduino) by extensions ['ros']
[0.297s] Level 1:colcon.colcon_core.package_identification:_identify(arduino) by extension 'ros'
[0.297s] Level 1:colcon.colcon_core.package_identification:_identify(arduino) by extensions ['cmake', 'python']
[0.297s] Level 1:colcon.colcon_core.package_identification:_identify(arduino) by extension 'cmake'
[0.297s] Level 1:colcon.colcon_core.package_identification:_identify(arduino) by extension 'python'
[0.297s] Level 1:colcon.colcon_core.package_identification:_identify(arduino) by extensions ['python_setup_py']
[0.297s] Level 1:colcon.colcon_core.package_identification:_identify(arduino) by extension 'python_setup_py'
[0.297s] Level 1:colcon.colcon_core.package_identification:_identify(arduino/AS5600_TEST) by extensions ['ignore', 'ignore_ament_install']
[0.297s] Level 1:colcon.colcon_core.package_identification:_identify(arduino/AS5600_TEST) by extension 'ignore'
[0.297s] Level 1:colcon.colcon_core.package_identification:_identify(arduino/AS5600_TEST) by extension 'ignore_ament_install'
[0.297s] Level 1:colcon.colcon_core.package_identification:_identify(arduino/AS5600_TEST) by extensions ['colcon_pkg']
[0.297s] Level 1:colcon.colcon_core.package_identification:_identify(arduino/AS5600_TEST) by extension 'colcon_pkg'
[0.297s] Level 1:colcon.colcon_core.package_identification:_identify(arduino/AS5600_TEST) by extensions ['colcon_meta']
[0.297s] Level 1:colcon.colcon_core.package_identification:_identify(arduino/AS5600_TEST) by extension 'colcon_meta'
[0.297s] Level 1:colcon.colcon_core.package_identification:_identify(arduino/AS5600_TEST) by extensions ['ros']
[0.297s] Level 1:colcon.colcon_core.package_identification:_identify(arduino/AS5600_TEST) by extension 'ros'
[0.297s] Level 1:colcon.colcon_core.package_identification:_identify(arduino/AS5600_TEST) by extensions ['cmake', 'python']
[0.297s] Level 1:colcon.colcon_core.package_identification:_identify(arduino/AS5600_TEST) by extension 'cmake'
[0.298s] Level 1:colcon.colcon_core.package_identification:_identify(arduino/AS5600_TEST) by extension 'python'
[0.298s] Level 1:colcon.colcon_core.package_identification:_identify(arduino/AS5600_TEST) by extensions ['python_setup_py']
[0.298s] Level 1:colcon.colcon_core.package_identification:_identify(arduino/AS5600_TEST) by extension 'python_setup_py'
[0.298s] Level 1:colcon.colcon_core.package_identification:_identify(arduino/MEGA_V3) by extensions ['ignore', 'ignore_ament_install']
[0.298s] Level 1:colcon.colcon_core.package_identification:_identify(arduino/MEGA_V3) by extension 'ignore'
[0.298s] Level 1:colcon.colcon_core.package_identification:_identify(arduino/MEGA_V3) by extension 'ignore_ament_install'
[0.298s] Level 1:colcon.colcon_core.package_identification:_identify(arduino/MEGA_V3) by extensions ['colcon_pkg']
[0.298s] Level 1:colcon.colcon_core.package_identification:_identify(arduino/MEGA_V3) by extension 'colcon_pkg'
[0.298s] Level 1:colcon.colcon_core.package_identification:_identify(arduino/MEGA_V3) by extensions ['colcon_meta']
[0.298s] Level 1:colcon.colcon_core.package_identification:_identify(arduino/MEGA_V3) by extension 'colcon_meta'
[0.298s] Level 1:colcon.colcon_core.package_identification:_identify(arduino/MEGA_V3) by extensions ['ros']
[0.298s] Level 1:colcon.colcon_core.package_identification:_identify(arduino/MEGA_V3) by extension 'ros'
[0.298s] Level 1:colcon.colcon_core.package_identification:_identify(arduino/MEGA_V3) by extensions ['cmake', 'python']
[0.298s] Level 1:colcon.colcon_core.package_identification:_identify(arduino/MEGA_V3) by extension 'cmake'
[0.298s] Level 1:colcon.colcon_core.package_identification:_identify(arduino/MEGA_V3) by extension 'python'
[0.298s] Level 1:colcon.colcon_core.package_identification:_identify(arduino/MEGA_V3) by extensions ['python_setup_py']
[0.298s] Level 1:colcon.colcon_core.package_identification:_identify(arduino/MEGA_V3) by extension 'python_setup_py'
[0.298s] Level 1:colcon.colcon_core.package_identification:_identify(arduino/MEGA_V3/src) by extensions ['ignore', 'ignore_ament_install']
[0.298s] Level 1:colcon.colcon_core.package_identification:_identify(arduino/MEGA_V3/src) by extension 'ignore'
[0.298s] Level 1:colcon.colcon_core.package_identification:_identify(arduino/MEGA_V3/src) by extension 'ignore_ament_install'
[0.298s] Level 1:colcon.colcon_core.package_identification:_identify(arduino/MEGA_V3/src) by extensions ['colcon_pkg']
[0.298s] Level 1:colcon.colcon_core.package_identification:_identify(arduino/MEGA_V3/src) by extension 'colcon_pkg'
[0.298s] Level 1:colcon.colcon_core.package_identification:_identify(arduino/MEGA_V3/src) by extensions ['colcon_meta']
[0.298s] Level 1:colcon.colcon_core.package_identification:_identify(arduino/MEGA_V3/src) by extension 'colcon_meta'
[0.299s] Level 1:colcon.colcon_core.package_identification:_identify(arduino/MEGA_V3/src) by extensions ['ros']
[0.299s] Level 1:colcon.colcon_core.package_identification:_identify(arduino/MEGA_V3/src) by extension 'ros'
[0.299s] Level 1:colcon.colcon_core.package_identification:_identify(arduino/MEGA_V3/src) by extensions ['cmake', 'python']
[0.299s] Level 1:colcon.colcon_core.package_identification:_identify(arduino/MEGA_V3/src) by extension 'cmake'
[0.299s] Level 1:colcon.colcon_core.package_identification:_identify(arduino/MEGA_V3/src) by extension 'python'
[0.299s] Level 1:colcon.colcon_core.package_identification:_identify(arduino/MEGA_V3/src) by extensions ['python_setup_py']
[0.299s] Level 1:colcon.colcon_core.package_identification:_identify(arduino/MEGA_V3/src) by extension 'python_setup_py'
[0.299s] Level 1:colcon.colcon_core.package_identification:_identify(arduino/MEGA_V3.bak.20260506_102100) by extensions ['ignore', 'ignore_ament_install']
[0.299s] Level 1:colcon.colcon_core.package_identification:_identify(arduino/MEGA_V3.bak.20260506_102100) by extension 'ignore'
[0.299s] Level 1:colcon.colcon_core.package_identification:_identify(arduino/MEGA_V3.bak.20260506_102100) by extension 'ignore_ament_install'
[0.299s] Level 1:colcon.colcon_core.package_identification:_identify(arduino/MEGA_V3.bak.20260506_102100) by extensions ['colcon_pkg']
[0.299s] Level 1:colcon.colcon_core.package_identification:_identify(arduino/MEGA_V3.bak.20260506_102100) by extension 'colcon_pkg'
[0.299s] Level 1:colcon.colcon_core.package_identification:_identify(arduino/MEGA_V3.bak.20260506_102100) by extensions ['colcon_meta']
[0.299s] Level 1:colcon.colcon_core.package_identification:_identify(arduino/MEGA_V3.bak.20260506_102100) by extension 'colcon_meta'
[0.299s] Level 1:colcon.colcon_core.package_identification:_identify(arduino/MEGA_V3.bak.20260506_102100) by extensions ['ros']
[0.299s] Level 1:colcon.colcon_core.package_identification:_identify(arduino/MEGA_V3.bak.20260506_102100) by extension 'ros'
[0.299s] Level 1:colcon.colcon_core.package_identification:_identify(arduino/MEGA_V3.bak.20260506_102100) by extensions ['cmake', 'python']
[0.299s] Level 1:colcon.colcon_core.package_identification:_identify(arduino/MEGA_V3.bak.20260506_102100) by extension 'cmake'
[0.299s] Level 1:colcon.colcon_core.package_identification:_identify(arduino/MEGA_V3.bak.20260506_102100) by extension 'python'
[0.299s] Level 1:colcon.colcon_core.package_identification:_identify(arduino/MEGA_V3.bak.20260506_102100) by extensions ['python_setup_py']
[0.299s] Level 1:colcon.colcon_core.package_identification:_identify(arduino/MEGA_V3.bak.20260506_102100) by extension 'python_setup_py'
[0.299s] Level 1:colcon.colcon_core.package_identification:_identify(arduino/MEGA_V3.bak.20260506_102100/src) by extensions ['ignore', 'ignore_ament_install']
[0.299s] Level 1:colcon.colcon_core.package_identification:_identify(arduino/MEGA_V3.bak.20260506_102100/src) by extension 'ignore'
[0.300s] Level 1:colcon.colcon_core.package_identification:_identify(arduino/MEGA_V3.bak.20260506_102100/src) by extension 'ignore_ament_install'
[0.300s] Level 1:colcon.colcon_core.package_identification:_identify(arduino/MEGA_V3.bak.20260506_102100/src) by extensions ['colcon_pkg']
[0.300s] Level 1:colcon.colcon_core.package_identification:_identify(arduino/MEGA_V3.bak.20260506_102100/src) by extension 'colcon_pkg'
[0.300s] Level 1:colcon.colcon_core.package_identification:_identify(arduino/MEGA_V3.bak.20260506_102100/src) by extensions ['colcon_meta']
[0.300s] Level 1:colcon.colcon_core.package_identification:_identify(arduino/MEGA_V3.bak.20260506_102100/src) by extension 'colcon_meta'
[0.300s] Level 1:colcon.colcon_core.package_identification:_identify(arduino/MEGA_V3.bak.20260506_102100/src) by extensions ['ros']
[0.300s] Level 1:colcon.colcon_core.package_identification:_identify(arduino/MEGA_V3.bak.20260506_102100/src) by extension 'ros'
[0.300s] Level 1:colcon.colcon_core.package_identification:_identify(arduino/MEGA_V3.bak.20260506_102100/src) by extensions ['cmake', 'python']
[0.300s] Level 1:colcon.colcon_core.package_identification:_identify(arduino/MEGA_V3.bak.20260506_102100/src) by extension 'cmake'
[0.300s] Level 1:colcon.colcon_core.package_identification:_identify(arduino/MEGA_V3.bak.20260506_102100/src) by extension 'python'
[0.300s] Level 1:colcon.colcon_core.package_identification:_identify(arduino/MEGA_V3.bak.20260506_102100/src) by extensions ['python_setup_py']
[0.300s] Level 1:colcon.colcon_core.package_identification:_identify(arduino/MEGA_V3.bak.20260506_102100/src) by extension 'python_setup_py'
[0.300s] Level 1:colcon.colcon_core.package_identification:_identify(arduino/MOCK_ARDUINO_STREAMIO) by extensions ['ignore', 'ignore_ament_install']
[0.300s] Level 1:colcon.colcon_core.package_identification:_identify(arduino/MOCK_ARDUINO_STREAMIO) by extension 'ignore'
[0.300s] Level 1:colcon.colcon_core.package_identification:_identify(arduino/MOCK_ARDUINO_STREAMIO) by extension 'ignore_ament_install'
[0.300s] Level 1:colcon.colcon_core.package_identification:_identify(arduino/MOCK_ARDUINO_STREAMIO) by extensions ['colcon_pkg']
[0.301s] Level 1:colcon.colcon_core.package_identification:_identify(arduino/MOCK_ARDUINO_STREAMIO) by extension 'colcon_pkg'
[0.301s] Level 1:colcon.colcon_core.package_identification:_identify(arduino/MOCK_ARDUINO_STREAMIO) by extensions ['colcon_meta']
[0.301s] Level 1:colcon.colcon_core.package_identification:_identify(arduino/MOCK_ARDUINO_STREAMIO) by extension 'colcon_meta'
[0.301s] Level 1:colcon.colcon_core.package_identification:_identify(arduino/MOCK_ARDUINO_STREAMIO) by extensions ['ros']
[0.301s] Level 1:colcon.colcon_core.package_identification:_identify(arduino/MOCK_ARDUINO_STREAMIO) by extension 'ros'
[0.301s] Level 1:colcon.colcon_core.package_identification:_identify(arduino/MOCK_ARDUINO_STREAMIO) by extensions ['cmake', 'python']
[0.301s] Level 1:colcon.colcon_core.package_identification:_identify(arduino/MOCK_ARDUINO_STREAMIO) by extension 'cmake'
[0.301s] Level 1:colcon.colcon_core.package_identification:_identify(arduino/MOCK_ARDUINO_STREAMIO) by extension 'python'
[0.301s] Level 1:colcon.colcon_core.package_identification:_identify(arduino/MOCK_ARDUINO_STREAMIO) by extensions ['python_setup_py']
[0.301s] Level 1:colcon.colcon_core.package_identification:_identify(arduino/MOCK_ARDUINO_STREAMIO) by extension 'python_setup_py'
[0.301s] Level 1:colcon.colcon_core.package_identification:_identify(arduino/MOCK_ARDUINO_STREAMIO/src) by extensions ['ignore', 'ignore_ament_install']
[0.301s] Level 1:colcon.colcon_core.package_identification:_identify(arduino/MOCK_ARDUINO_STREAMIO/src) by extension 'ignore'
[0.301s] Level 1:colcon.colcon_core.package_identification:_identify(arduino/MOCK_ARDUINO_STREAMIO/src) by extension 'ignore_ament_install'
[0.301s] Level 1:colcon.colcon_core.package_identification:_identify(arduino/MOCK_ARDUINO_STREAMIO/src) by extensions ['colcon_pkg']
[0.301s] Level 1:colcon.colcon_core.package_identification:_identify(arduino/MOCK_ARDUINO_STREAMIO/src) by extension 'colcon_pkg'
[0.301s] Level 1:colcon.colcon_core.package_identification:_identify(arduino/MOCK_ARDUINO_STREAMIO/src) by extensions ['colcon_meta']
[0.301s] Level 1:colcon.colcon_core.package_identification:_identify(arduino/MOCK_ARDUINO_STREAMIO/src) by extension 'colcon_meta'
[0.301s] Level 1:colcon.colcon_core.package_identification:_identify(arduino/MOCK_ARDUINO_STREAMIO/src) by extensions ['ros']
[0.301s] Level 1:colcon.colcon_core.package_identification:_identify(arduino/MOCK_ARDUINO_STREAMIO/src) by extension 'ros'
[0.301s] Level 1:colcon.colcon_core.package_identification:_identify(arduino/MOCK_ARDUINO_STREAMIO/src) by extensions ['cmake', 'python']
[0.301s] Level 1:colcon.colcon_core.package_identification:_identify(arduino/MOCK_ARDUINO_STREAMIO/src) by extension 'cmake'
[0.302s] Level 1:colcon.colcon_core.package_identification:_identify(arduino/MOCK_ARDUINO_STREAMIO/src) by extension 'python'
[0.302s] Level 1:colcon.colcon_core.package_identification:_identify(arduino/MOCK_ARDUINO_STREAMIO/src) by extensions ['python_setup_py']
[0.302s] Level 1:colcon.colcon_core.package_identification:_identify(arduino/MOCK_ARDUINO_STREAMIO/src) by extension 'python_setup_py'
[0.302s] Level 1:colcon.colcon_core.package_identification:_identify(arduino/MOCK_UNO_PLATFORM) by extensions ['ignore', 'ignore_ament_install']
[0.302s] Level 1:colcon.colcon_core.package_identification:_identify(arduino/MOCK_UNO_PLATFORM) by extension 'ignore'
[0.302s] Level 1:colcon.colcon_core.package_identification:_identify(arduino/MOCK_UNO_PLATFORM) by extension 'ignore_ament_install'
[0.302s] Level 1:colcon.colcon_core.package_identification:_identify(arduino/MOCK_UNO_PLATFORM) by extensions ['colcon_pkg']
[0.302s] Level 1:colcon.colcon_core.package_identification:_identify(arduino/MOCK_UNO_PLATFORM) by extension 'colcon_pkg'
[0.302s] Level 1:colcon.colcon_core.package_identification:_identify(arduino/MOCK_UNO_PLATFORM) by extensions ['colcon_meta']
[0.302s] Level 1:colcon.colcon_core.package_identification:_identify(arduino/MOCK_UNO_PLATFORM) by extension 'colcon_meta'
[0.302s] Level 1:colcon.colcon_core.package_identification:_identify(arduino/MOCK_UNO_PLATFORM) by extensions ['ros']
[0.302s] Level 1:colcon.colcon_core.package_identification:_identify(arduino/MOCK_UNO_PLATFORM) by extension 'ros'
[0.302s] Level 1:colcon.colcon_core.package_identification:_identify(arduino/MOCK_UNO_PLATFORM) by extensions ['cmake', 'python']
[0.302s] Level 1:colcon.colcon_core.package_identification:_identify(arduino/MOCK_UNO_PLATFORM) by extension 'cmake'
[0.302s] Level 1:colcon.colcon_core.package_identification:_identify(arduino/MOCK_UNO_PLATFORM) by extension 'python'
[0.302s] Level 1:colcon.colcon_core.package_identification:_identify(arduino/MOCK_UNO_PLATFORM) by extensions ['python_setup_py']
[0.302s] Level 1:colcon.colcon_core.package_identification:_identify(arduino/MOCK_UNO_PLATFORM) by extension 'python_setup_py'
[0.302s] Level 1:colcon.colcon_core.package_identification:_identify(arduino/MOCK_UNO_PLATFORM/src) by extensions ['ignore', 'ignore_ament_install']
[0.302s] Level 1:colcon.colcon_core.package_identification:_identify(arduino/MOCK_UNO_PLATFORM/src) by extension 'ignore'
[0.302s] Level 1:colcon.colcon_core.package_identification:_identify(arduino/MOCK_UNO_PLATFORM/src) by extension 'ignore_ament_install'
[0.303s] Level 1:colcon.colcon_core.package_identification:_identify(arduino/MOCK_UNO_PLATFORM/src) by extensions ['colcon_pkg']
[0.303s] Level 1:colcon.colcon_core.package_identification:_identify(arduino/MOCK_UNO_PLATFORM/src) by extension 'colcon_pkg'
[0.303s] Level 1:colcon.colcon_core.package_identification:_identify(arduino/MOCK_UNO_PLATFORM/src) by extensions ['colcon_meta']
[0.303s] Level 1:colcon.colcon_core.package_identification:_identify(arduino/MOCK_UNO_PLATFORM/src) by extension 'colcon_meta'
[0.303s] Level 1:colcon.colcon_core.package_identification:_identify(arduino/MOCK_UNO_PLATFORM/src) by extensions ['ros']
[0.303s] Level 1:colcon.colcon_core.package_identification:_identify(arduino/MOCK_UNO_PLATFORM/src) by extension 'ros'
[0.303s] Level 1:colcon.colcon_core.package_identification:_identify(arduino/MOCK_UNO_PLATFORM/src) by extensions ['cmake', 'python']
[0.303s] Level 1:colcon.colcon_core.package_identification:_identify(arduino/MOCK_UNO_PLATFORM/src) by extension 'cmake'
[0.303s] Level 1:colcon.colcon_core.package_identification:_identify(arduino/MOCK_UNO_PLATFORM/src) by extension 'python'
[0.303s] Level 1:colcon.colcon_core.package_identification:_identify(arduino/MOCK_UNO_PLATFORM/src) by extensions ['python_setup_py']
[0.303s] Level 1:colcon.colcon_core.package_identification:_identify(arduino/MOCK_UNO_PLATFORM/src) by extension 'python_setup_py'
[0.303s] Level 1:colcon.colcon_core.package_identification:_identify(arduino/WALLE_UNO_FINAL) by extensions ['ignore', 'ignore_ament_install']
[0.303s] Level 1:colcon.colcon_core.package_identification:_identify(arduino/WALLE_UNO_FINAL) by extension 'ignore'
[0.303s] Level 1:colcon.colcon_core.package_identification:_identify(arduino/WALLE_UNO_FINAL) by extension 'ignore_ament_install'
[0.303s] Level 1:colcon.colcon_core.package_identification:_identify(arduino/WALLE_UNO_FINAL) by extensions ['colcon_pkg']
[0.303s] Level 1:colcon.colcon_core.package_identification:_identify(arduino/WALLE_UNO_FINAL) by extension 'colcon_pkg'
[0.303s] Level 1:colcon.colcon_core.package_identification:_identify(arduino/WALLE_UNO_FINAL) by extensions ['colcon_meta']
[0.303s] Level 1:colcon.colcon_core.package_identification:_identify(arduino/WALLE_UNO_FINAL) by extension 'colcon_meta'
[0.303s] Level 1:colcon.colcon_core.package_identification:_identify(arduino/WALLE_UNO_FINAL) by extensions ['ros']
[0.303s] Level 1:colcon.colcon_core.package_identification:_identify(arduino/WALLE_UNO_FINAL) by extension 'ros'
[0.303s] Level 1:colcon.colcon_core.package_identification:_identify(arduino/WALLE_UNO_FINAL) by extensions ['cmake', 'python']
[0.303s] Level 1:colcon.colcon_core.package_identification:_identify(arduino/WALLE_UNO_FINAL) by extension 'cmake'
[0.303s] Level 1:colcon.colcon_core.package_identification:_identify(arduino/WALLE_UNO_FINAL) by extension 'python'
[0.303s] Level 1:colcon.colcon_core.package_identification:_identify(arduino/WALLE_UNO_FINAL) by extensions ['python_setup_py']
[0.303s] Level 1:colcon.colcon_core.package_identification:_identify(arduino/WALLE_UNO_FINAL) by extension 'python_setup_py'
[0.304s] Level 1:colcon.colcon_core.package_identification:_identify(arduino/blink) by extensions ['ignore', 'ignore_ament_install']
[0.304s] Level 1:colcon.colcon_core.package_identification:_identify(arduino/blink) by extension 'ignore'
[0.304s] Level 1:colcon.colcon_core.package_identification:_identify(arduino/blink) by extension 'ignore_ament_install'
[0.304s] Level 1:colcon.colcon_core.package_identification:_identify(arduino/blink) by extensions ['colcon_pkg']
[0.304s] Level 1:colcon.colcon_core.package_identification:_identify(arduino/blink) by extension 'colcon_pkg'
[0.304s] Level 1:colcon.colcon_core.package_identification:_identify(arduino/blink) by extensions ['colcon_meta']
[0.304s] Level 1:colcon.colcon_core.package_identification:_identify(arduino/blink) by extension 'colcon_meta'
[0.304s] Level 1:colcon.colcon_core.package_identification:_identify(arduino/blink) by extensions ['ros']
[0.304s] Level 1:colcon.colcon_core.package_identification:_identify(arduino/blink) by extension 'ros'
[0.304s] Level 1:colcon.colcon_core.package_identification:_identify(arduino/blink) by extensions ['cmake', 'python']
[0.304s] Level 1:colcon.colcon_core.package_identification:_identify(arduino/blink) by extension 'cmake'
[0.304s] Level 1:colcon.colcon_core.package_identification:_identify(arduino/blink) by extension 'python'
[0.304s] Level 1:colcon.colcon_core.package_identification:_identify(arduino/blink) by extensions ['python_setup_py']
[0.304s] Level 1:colcon.colcon_core.package_identification:_identify(arduino/blink) by extension 'python_setup_py'
[0.304s] Level 1:colcon.colcon_core.package_identification:_identify(arduino/python_test_protocol) by extensions ['ignore', 'ignore_ament_install']
[0.304s] Level 1:colcon.colcon_core.package_identification:_identify(arduino/python_test_protocol) by extension 'ignore'
[0.304s] Level 1:colcon.colcon_core.package_identification:_identify(arduino/python_test_protocol) by extension 'ignore_ament_install'
[0.304s] Level 1:colcon.colcon_core.package_identification:_identify(arduino/python_test_protocol) by extensions ['colcon_pkg']
[0.304s] Level 1:colcon.colcon_core.package_identification:_identify(arduino/python_test_protocol) by extension 'colcon_pkg'
[0.304s] Level 1:colcon.colcon_core.package_identification:_identify(arduino/python_test_protocol) by extensions ['colcon_meta']
[0.304s] Level 1:colcon.colcon_core.package_identification:_identify(arduino/python_test_protocol) by extension 'colcon_meta'
[0.304s] Level 1:colcon.colcon_core.package_identification:_identify(arduino/python_test_protocol) by extensions ['ros']
[0.305s] Level 1:colcon.colcon_core.package_identification:_identify(arduino/python_test_protocol) by extension 'ros'
[0.305s] Level 1:colcon.colcon_core.package_identification:_identify(arduino/python_test_protocol) by extensions ['cmake', 'python']
[0.305s] Level 1:colcon.colcon_core.package_identification:_identify(arduino/python_test_protocol) by extension 'cmake'
[0.305s] Level 1:colcon.colcon_core.package_identification:_identify(arduino/python_test_protocol) by extension 'python'
[0.305s] Level 1:colcon.colcon_core.package_identification:_identify(arduino/python_test_protocol) by extensions ['python_setup_py']
[0.305s] Level 1:colcon.colcon_core.package_identification:_identify(arduino/python_test_protocol) by extension 'python_setup_py'
[0.305s] Level 1:colcon.colcon_core.package_identification:_identify(arduino/test1_motors) by extensions ['ignore', 'ignore_ament_install']
[0.305s] Level 1:colcon.colcon_core.package_identification:_identify(arduino/test1_motors) by extension 'ignore'
[0.305s] Level 1:colcon.colcon_core.package_identification:_identify(arduino/test1_motors) by extension 'ignore_ament_install'
[0.305s] Level 1:colcon.colcon_core.package_identification:_identify(arduino/test1_motors) by extensions ['colcon_pkg']
[0.305s] Level 1:colcon.colcon_core.package_identification:_identify(arduino/test1_motors) by extension 'colcon_pkg'
[0.305s] Level 1:colcon.colcon_core.package_identification:_identify(arduino/test1_motors) by extensions ['colcon_meta']
[0.305s] Level 1:colcon.colcon_core.package_identification:_identify(arduino/test1_motors) by extension 'colcon_meta'
[0.305s] Level 1:colcon.colcon_core.package_identification:_identify(arduino/test1_motors) by extensions ['ros']
[0.305s] Level 1:colcon.colcon_core.package_identification:_identify(arduino/test1_motors) by extension 'ros'
[0.305s] Level 1:colcon.colcon_core.package_identification:_identify(arduino/test1_motors) by extensions ['cmake', 'python']
[0.305s] Level 1:colcon.colcon_core.package_identification:_identify(arduino/test1_motors) by extension 'cmake'
[0.305s] Level 1:colcon.colcon_core.package_identification:_identify(arduino/test1_motors) by extension 'python'
[0.305s] Level 1:colcon.colcon_core.package_identification:_identify(arduino/test1_motors) by extensions ['python_setup_py']
[0.305s] Level 1:colcon.colcon_core.package_identification:_identify(arduino/test1_motors) by extension 'python_setup_py'
[0.305s] Level 1:colcon.colcon_core.package_identification:_identify(build) by extensions ['ignore', 'ignore_ament_install']
[0.305s] Level 1:colcon.colcon_core.package_identification:_identify(build) by extension 'ignore'
[0.305s] Level 1:colcon.colcon_core.package_identification:_identify(build) ignored
[0.306s] Level 1:colcon.colcon_core.package_identification:_identify(install) by extensions ['ignore', 'ignore_ament_install']
[0.306s] Level 1:colcon.colcon_core.package_identification:_identify(install) by extension 'ignore'
[0.306s] Level 1:colcon.colcon_core.package_identification:_identify(install) ignored
[0.306s] Level 1:colcon.colcon_core.package_identification:_identify(log) by extensions ['ignore', 'ignore_ament_install']
[0.306s] Level 1:colcon.colcon_core.package_identification:_identify(log) by extension 'ignore'
[0.306s] Level 1:colcon.colcon_core.package_identification:_identify(log) ignored
[0.306s] Level 1:colcon.colcon_core.package_identification:_identify(maps) by extensions ['ignore', 'ignore_ament_install']
[0.306s] Level 1:colcon.colcon_core.package_identification:_identify(maps) by extension 'ignore'
[0.306s] Level 1:colcon.colcon_core.package_identification:_identify(maps) by extension 'ignore_ament_install'
[0.306s] Level 1:colcon.colcon_core.package_identification:_identify(maps) by extensions ['colcon_pkg']
[0.306s] Level 1:colcon.colcon_core.package_identification:_identify(maps) by extension 'colcon_pkg'
[0.306s] Level 1:colcon.colcon_core.package_identification:_identify(maps) by extensions ['colcon_meta']
[0.306s] Level 1:colcon.colcon_core.package_identification:_identify(maps) by extension 'colcon_meta'
[0.306s] Level 1:colcon.colcon_core.package_identification:_identify(maps) by extensions ['ros']
[0.306s] Level 1:colcon.colcon_core.package_identification:_identify(maps) by extension 'ros'
[0.306s] Level 1:colcon.colcon_core.package_identification:_identify(maps) by extensions ['cmake', 'python']
[0.306s] Level 1:colcon.colcon_core.package_identification:_identify(maps) by extension 'cmake'
[0.306s] Level 1:colcon.colcon_core.package_identification:_identify(maps) by extension 'python'
[0.306s] Level 1:colcon.colcon_core.package_identification:_identify(maps) by extensions ['python_setup_py']
[0.306s] Level 1:colcon.colcon_core.package_identification:_identify(maps) by extension 'python_setup_py'
[0.307s] Level 1:colcon.colcon_core.package_identification:_identify(src) by extensions ['ignore', 'ignore_ament_install']
[0.307s] Level 1:colcon.colcon_core.package_identification:_identify(src) by extension 'ignore'
[0.307s] Level 1:colcon.colcon_core.package_identification:_identify(src) by extension 'ignore_ament_install'
[0.307s] Level 1:colcon.colcon_core.package_identification:_identify(src) by extensions ['colcon_pkg']
[0.307s] Level 1:colcon.colcon_core.package_identification:_identify(src) by extension 'colcon_pkg'
[0.307s] Level 1:colcon.colcon_core.package_identification:_identify(src) by extensions ['colcon_meta']
[0.307s] Level 1:colcon.colcon_core.package_identification:_identify(src) by extension 'colcon_meta'
[0.307s] Level 1:colcon.colcon_core.package_identification:_identify(src) by extensions ['ros']
[0.307s] Level 1:colcon.colcon_core.package_identification:_identify(src) by extension 'ros'
[0.307s] Level 1:colcon.colcon_core.package_identification:_identify(src) by extensions ['cmake', 'python']
[0.307s] Level 1:colcon.colcon_core.package_identification:_identify(src) by extension 'cmake'
[0.307s] Level 1:colcon.colcon_core.package_identification:_identify(src) by extension 'python'
[0.307s] Level 1:colcon.colcon_core.package_identification:_identify(src) by extensions ['python_setup_py']
[0.307s] Level 1:colcon.colcon_core.package_identification:_identify(src) by extension 'python_setup_py'
[0.307s] Level 1:colcon.colcon_core.package_identification:_identify(src/build) by extensions ['ignore', 'ignore_ament_install']
[0.307s] Level 1:colcon.colcon_core.package_identification:_identify(src/build) by extension 'ignore'
[0.307s] Level 1:colcon.colcon_core.package_identification:_identify(src/build) ignored
[0.307s] Level 1:colcon.colcon_core.package_identification:_identify(src/install) by extensions ['ignore', 'ignore_ament_install']
[0.307s] Level 1:colcon.colcon_core.package_identification:_identify(src/install) by extension 'ignore'
[0.307s] Level 1:colcon.colcon_core.package_identification:_identify(src/install) ignored
[0.308s] Level 1:colcon.colcon_core.package_identification:_identify(src/log) by extensions ['ignore', 'ignore_ament_install']
[0.308s] Level 1:colcon.colcon_core.package_identification:_identify(src/log) by extension 'ignore'
[0.308s] Level 1:colcon.colcon_core.package_identification:_identify(src/log) ignored
[0.308s] Level 1:colcon.colcon_core.package_identification:_identify(src/wall_e_bringup) by extensions ['ignore', 'ignore_ament_install']
[0.308s] Level 1:colcon.colcon_core.package_identification:_identify(src/wall_e_bringup) by extension 'ignore'
[0.308s] Level 1:colcon.colcon_core.package_identification:_identify(src/wall_e_bringup) by extension 'ignore_ament_install'
[0.308s] Level 1:colcon.colcon_core.package_identification:_identify(src/wall_e_bringup) by extensions ['colcon_pkg']
[0.308s] Level 1:colcon.colcon_core.package_identification:_identify(src/wall_e_bringup) by extension 'colcon_pkg'
[0.308s] Level 1:colcon.colcon_core.package_identification:_identify(src/wall_e_bringup) by extensions ['colcon_meta']
[0.308s] Level 1:colcon.colcon_core.package_identification:_identify(src/wall_e_bringup) by extension 'colcon_meta'
[0.308s] Level 1:colcon.colcon_core.package_identification:_identify(src/wall_e_bringup) by extensions ['ros']
[0.308s] Level 1:colcon.colcon_core.package_identification:_identify(src/wall_e_bringup) by extension 'ros'
[0.313s] DEBUG:colcon.colcon_core.package_identification:Package 'src/wall_e_bringup' with type 'ros.ament_cmake' and name 'wall_e_bringup'
[0.313s] Level 1:colcon.colcon_core.package_identification:_identify(webRTC) by extensions ['ignore', 'ignore_ament_install']
[0.313s] Level 1:colcon.colcon_core.package_identification:_identify(webRTC) by extension 'ignore'
[0.313s] Level 1:colcon.colcon_core.package_identification:_identify(webRTC) by extension 'ignore_ament_install'
[0.313s] Level 1:colcon.colcon_core.package_identification:_identify(webRTC) by extensions ['colcon_pkg']
[0.313s] Level 1:colcon.colcon_core.package_identification:_identify(webRTC) by extension 'colcon_pkg'
[0.313s] Level 1:colcon.colcon_core.package_identification:_identify(webRTC) by extensions ['colcon_meta']
[0.313s] Level 1:colcon.colcon_core.package_identification:_identify(webRTC) by extension 'colcon_meta'
[0.313s] Level 1:colcon.colcon_core.package_identification:_identify(webRTC) by extensions ['ros']
[0.313s] Level 1:colcon.colcon_core.package_identification:_identify(webRTC) by extension 'ros'
[0.313s] Level 1:colcon.colcon_core.package_identification:_identify(webRTC) by extensions ['cmake', 'python']
[0.314s] Level 1:colcon.colcon_core.package_identification:_identify(webRTC) by extension 'cmake'
[0.314s] Level 1:colcon.colcon_core.package_identification:_identify(webRTC) by extension 'python'
[0.314s] Level 1:colcon.colcon_core.package_identification:_identify(webRTC) by extensions ['python_setup_py']
[0.314s] Level 1:colcon.colcon_core.package_identification:_identify(webRTC) by extension 'python_setup_py'
[0.314s] Level 1:colcon.colcon_core.package_identification:_identify(webRTC/static) by extensions ['ignore', 'ignore_ament_install']
[0.314s] Level 1:colcon.colcon_core.package_identification:_identify(webRTC/static) by extension 'ignore'
[0.314s] Level 1:colcon.colcon_core.package_identification:_identify(webRTC/static) by extension 'ignore_ament_install'
[0.314s] Level 1:colcon.colcon_core.package_identification:_identify(webRTC/static) by extensions ['colcon_pkg']
[0.314s] Level 1:colcon.colcon_core.package_identification:_identify(webRTC/static) by extension 'colcon_pkg'
[0.314s] Level 1:colcon.colcon_core.package_identification:_identify(webRTC/static) by extensions ['colcon_meta']
[0.314s] Level 1:colcon.colcon_core.package_identification:_identify(webRTC/static) by extension 'colcon_meta'
[0.314s] Level 1:colcon.colcon_core.package_identification:_identify(webRTC/static) by extensions ['ros']
[0.314s] Level 1:colcon.colcon_core.package_identification:_identify(webRTC/static) by extension 'ros'
[0.314s] Level 1:colcon.colcon_core.package_identification:_identify(webRTC/static) by extensions ['cmake', 'python']
[0.314s] Level 1:colcon.colcon_core.package_identification:_identify(webRTC/static) by extension 'cmake'
[0.314s] Level 1:colcon.colcon_core.package_identification:_identify(webRTC/static) by extension 'python'
[0.314s] Level 1:colcon.colcon_core.package_identification:_identify(webRTC/static) by extensions ['python_setup_py']
[0.314s] Level 1:colcon.colcon_core.package_identification:_identify(webRTC/static) by extension 'python_setup_py'
[0.314s] Level 1:colcon.colcon_core.package_identification:_identify(webRTC/templates) by extensions ['ignore', 'ignore_ament_install']
[0.314s] Level 1:colcon.colcon_core.package_identification:_identify(webRTC/templates) by extension 'ignore'
[0.314s] Level 1:colcon.colcon_core.package_identification:_identify(webRTC/templates) by extension 'ignore_ament_install'
[0.315s] Level 1:colcon.colcon_core.package_identification:_identify(webRTC/templates) by extensions ['colcon_pkg']
[0.315s] Level 1:colcon.colcon_core.package_identification:_identify(webRTC/templates) by extension 'colcon_pkg'
[0.315s] Level 1:colcon.colcon_core.package_identification:_identify(webRTC/templates) by extensions ['colcon_meta']
[0.315s] Level 1:colcon.colcon_core.package_identification:_identify(webRTC/templates) by extension 'colcon_meta'
[0.315s] Level 1:colcon.colcon_core.package_identification:_identify(webRTC/templates) by extensions ['ros']
[0.315s] Level 1:colcon.colcon_core.package_identification:_identify(webRTC/templates) by extension 'ros'
[0.315s] Level 1:colcon.colcon_core.package_identification:_identify(webRTC/templates) by extensions ['cmake', 'python']
[0.315s] Level 1:colcon.colcon_core.package_identification:_identify(webRTC/templates) by extension 'cmake'
[0.315s] Level 1:colcon.colcon_core.package_identification:_identify(webRTC/templates) by extension 'python'
[0.315s] Level 1:colcon.colcon_core.package_identification:_identify(webRTC/templates) by extensions ['python_setup_py']
[0.315s] Level 1:colcon.colcon_core.package_identification:_identify(webRTC/templates) by extension 'python_setup_py'
[0.315s] Level 1:colcon.colcon_core.package_discovery:discover_packages(recursive) using defaults
[0.315s] Level 1:colcon.colcon_core.package_discovery:discover_packages(ignore) discover
[0.315s] Level 1:colcon.colcon_core.package_discovery:discover_packages(ignore) using defaults
[0.315s] Level 1:colcon.colcon_core.package_discovery:discover_packages(path) discover
[0.315s] Level 1:colcon.colcon_core.package_discovery:discover_packages(path) using defaults
[0.340s] INFO:colcon.colcon_core.package_selection:Skipping not selected package 'TankStatus' in 'ParralaxController/lib/TankStatus'
[0.340s] INFO:colcon.colcon_core.package_selection:Skipping not selected package 'TankStatusProtocol' in 'TankStatusProtocol'
[0.340s] Level 1:colcon.colcon_core.package_discovery:discover_packages(prefix_path) check parameters
[0.341s] Level 1:colcon.colcon_core.package_discovery:discover_packages(prefix_path) discover
[0.344s] DEBUG:colcon.colcon_installed_package_information.package_discovery:Found 319 installed packages in /opt/ros/jazzy
[0.347s] Level 1:colcon.colcon_core.package_discovery:discover_packages(prefix_path) using defaults
[0.397s] Level 5:colcon.colcon_core.verb:set package 'wall_e_bringup' build argument 'cmake_args' from command line to 'None'
[0.397s] Level 5:colcon.colcon_core.verb:set package 'wall_e_bringup' build argument 'cmake_target' from command line to 'None'
[0.397s] Level 5:colcon.colcon_core.verb:set package 'wall_e_bringup' build argument 'cmake_target_skip_unavailable' from command line to 'False'
[0.397s] Level 5:colcon.colcon_core.verb:set package 'wall_e_bringup' build argument 'cmake_clean_cache' from command line to 'False'
[0.397s] Level 5:colcon.colcon_core.verb:set package 'wall_e_bringup' build argument 'cmake_clean_first' from command line to 'False'
[0.397s] Level 5:colcon.colcon_core.verb:set package 'wall_e_bringup' build argument 'cmake_force_configure' from command line to 'False'
[0.397s] Level 5:colcon.colcon_core.verb:set package 'wall_e_bringup' build argument 'ament_cmake_args' from command line to 'None'
[0.397s] Level 5:colcon.colcon_core.verb:set package 'wall_e_bringup' build argument 'catkin_cmake_args' from command line to 'None'
[0.397s] Level 5:colcon.colcon_core.verb:set package 'wall_e_bringup' build argument 'catkin_skip_building_tests' from command line to 'False'
[0.397s] DEBUG:colcon.colcon_core.verb:Building package 'wall_e_bringup' with the following arguments: {'ament_cmake_args': None, 'build_base': '/home/wukong/WALL_E/build/wall_e_bringup', 'catkin_cmake_args': None, 'catkin_skip_building_tests': False, 'cmake_args': None, 'cmake_clean_cache': False, 'cmake_clean_first': False, 'cmake_force_configure': False, 'cmake_target': None, 'cmake_target_skip_unavailable': False, 'install_base': '/home/wukong/WALL_E/install/wall_e_bringup', 'merge_install': False, 'path': '/home/wukong/WALL_E/src/wall_e_bringup', 'symlink_install': True, 'test_result_base': None}
[0.397s] INFO:colcon.colcon_core.executor:Executing jobs using 'parallel' executor
[0.399s] DEBUG:colcon.colcon_parallel_executor.executor.parallel:run_until_complete
[0.399s] INFO:colcon.colcon_ros.task.ament_cmake.build:Building ROS package in '/home/wukong/WALL_E/src/wall_e_bringup' with build type 'ament_cmake'
[0.399s] INFO:colcon.colcon_cmake.task.cmake.build:Building CMake package in '/home/wukong/WALL_E/src/wall_e_bringup'
[0.408s] INFO:colcon.colcon_core.plugin_system:Skipping extension 'colcon_core.shell.bat': Not used on non-Windows systems
[0.408s] INFO:colcon.colcon_core.shell:Skip shell extension 'powershell' for command environment: Not usable outside of PowerShell
[0.408s] DEBUG:colcon.colcon_core.shell:Skip shell extension 'dsv' for command environment
[0.420s] DEBUG:colcon.colcon_core.event_handler.log_command:Invoking command in '/home/wukong/WALL_E/build/wall_e_bringup': CMAKE_PREFIX_PATH=${CMAKE_PREFIX_PATH}:/opt/ros/jazzy CONDA_PROMPT_MODIFIER=(base) DEBUGINFOD_URLS=https://debuginfod.ubuntu.com /usr/bin/cmake --build /home/wukong/WALL_E/build/wall_e_bringup -- -j16 -l16
[1.358s] DEBUG:colcon.colcon_core.event_handler.log_command:Invoked command in '/home/wukong/WALL_E/build/wall_e_bringup' returned '0': CMAKE_PREFIX_PATH=${CMAKE_PREFIX_PATH}:/opt/ros/jazzy CONDA_PROMPT_MODIFIER=(base) DEBUGINFOD_URLS=https://debuginfod.ubuntu.com /usr/bin/cmake --build /home/wukong/WALL_E/build/wall_e_bringup -- -j16 -l16
[1.369s] DEBUG:colcon.colcon_core.event_handler.log_command:Invoking command in '/home/wukong/WALL_E/build/wall_e_bringup': CMAKE_PREFIX_PATH=${CMAKE_PREFIX_PATH}:/opt/ros/jazzy CONDA_PROMPT_MODIFIER=(base) DEBUGINFOD_URLS=https://debuginfod.ubuntu.com /usr/bin/cmake --install /home/wukong/WALL_E/build/wall_e_bringup
[1.408s] Level 1:colcon.colcon_core.environment:create_environment_scripts_only(wall_e_bringup)
[1.409s] DEBUG:colcon.colcon_core.event_handler.log_command:Invoked command in '/home/wukong/WALL_E/build/wall_e_bringup' returned '0': CMAKE_PREFIX_PATH=${CMAKE_PREFIX_PATH}:/opt/ros/jazzy CONDA_PROMPT_MODIFIER=(base) DEBUGINFOD_URLS=https://debuginfod.ubuntu.com /usr/bin/cmake --install /home/wukong/WALL_E/build/wall_e_bringup
[1.412s] Level 1:colcon.colcon_core.environment:checking '/home/wukong/WALL_E/install/wall_e_bringup' for CMake module files
[1.412s] Level 1:colcon.colcon_core.environment:checking '/home/wukong/WALL_E/install/wall_e_bringup' for CMake config files
[1.412s] Level 1:colcon.colcon_core.shell:create_environment_hook('wall_e_bringup', 'cmake_prefix_path')
[1.413s] INFO:colcon.colcon_core.shell:Creating environment hook '/home/wukong/WALL_E/install/wall_e_bringup/share/wall_e_bringup/hook/cmake_prefix_path.ps1'
[1.413s] INFO:colcon.colcon_core.shell:Creating environment descriptor '/home/wukong/WALL_E/install/wall_e_bringup/share/wall_e_bringup/hook/cmake_prefix_path.dsv'
[1.413s] INFO:colcon.colcon_core.shell:Creating environment hook '/home/wukong/WALL_E/install/wall_e_bringup/share/wall_e_bringup/hook/cmake_prefix_path.sh'
[1.414s] Level 1:colcon.colcon_core.environment:checking '/home/wukong/WALL_E/install/wall_e_bringup/lib'
[1.414s] Level 1:colcon.colcon_core.environment:checking '/home/wukong/WALL_E/install/wall_e_bringup/bin'
[1.414s] Level 1:colcon.colcon_core.environment:checking '/home/wukong/WALL_E/install/wall_e_bringup/lib/pkgconfig/wall_e_bringup.pc'
[1.414s] Level 1:colcon.colcon_core.environment:checking '/home/wukong/WALL_E/install/wall_e_bringup/lib/python3.12/site-packages'
[1.415s] Level 1:colcon.colcon_core.environment:checking '/home/wukong/WALL_E/install/wall_e_bringup/bin'
[1.415s] INFO:colcon.colcon_core.shell:Creating package script '/home/wukong/WALL_E/install/wall_e_bringup/share/wall_e_bringup/package.ps1'
[1.415s] INFO:colcon.colcon_core.shell:Creating package descriptor '/home/wukong/WALL_E/install/wall_e_bringup/share/wall_e_bringup/package.dsv'
[1.415s] INFO:colcon.colcon_core.shell:Creating package script '/home/wukong/WALL_E/install/wall_e_bringup/share/wall_e_bringup/package.sh'
[1.416s] INFO:colcon.colcon_core.shell:Creating package script '/home/wukong/WALL_E/install/wall_e_bringup/share/wall_e_bringup/package.bash'
[1.416s] INFO:colcon.colcon_core.shell:Creating package script '/home/wukong/WALL_E/install/wall_e_bringup/share/wall_e_bringup/package.zsh'
[1.416s] Level 1:colcon.colcon_core.environment:create_file_with_runtime_dependencies(/home/wukong/WALL_E/install/wall_e_bringup/share/colcon-core/packages/wall_e_bringup)
[1.417s] Level 1:colcon.colcon_core.environment:create_environment_scripts_only(wall_e_bringup)
[1.417s] Level 1:colcon.colcon_core.environment:checking '/home/wukong/WALL_E/install/wall_e_bringup' for CMake module files
[1.417s] Level 1:colcon.colcon_core.environment:checking '/home/wukong/WALL_E/install/wall_e_bringup' for CMake config files
[1.417s] Level 1:colcon.colcon_core.shell:create_environment_hook('wall_e_bringup', 'cmake_prefix_path')
[1.417s] INFO:colcon.colcon_core.shell:Creating environment hook '/home/wukong/WALL_E/install/wall_e_bringup/share/wall_e_bringup/hook/cmake_prefix_path.ps1'
[1.418s] INFO:colcon.colcon_core.shell:Creating environment descriptor '/home/wukong/WALL_E/install/wall_e_bringup/share/wall_e_bringup/hook/cmake_prefix_path.dsv'
[1.418s] INFO:colcon.colcon_core.shell:Creating environment hook '/home/wukong/WALL_E/install/wall_e_bringup/share/wall_e_bringup/hook/cmake_prefix_path.sh'
[1.418s] Level 1:colcon.colcon_core.environment:checking '/home/wukong/WALL_E/install/wall_e_bringup/lib'
[1.418s] Level 1:colcon.colcon_core.environment:checking '/home/wukong/WALL_E/install/wall_e_bringup/bin'
[1.418s] Level 1:colcon.colcon_core.environment:checking '/home/wukong/WALL_E/install/wall_e_bringup/lib/pkgconfig/wall_e_bringup.pc'
[1.418s] Level 1:colcon.colcon_core.environment:checking '/home/wukong/WALL_E/install/wall_e_bringup/lib/python3.12/site-packages'
[1.418s] Level 1:colcon.colcon_core.environment:checking '/home/wukong/WALL_E/install/wall_e_bringup/bin'
[1.418s] INFO:colcon.colcon_core.shell:Creating package script '/home/wukong/WALL_E/install/wall_e_bringup/share/wall_e_bringup/package.ps1'
[1.419s] INFO:colcon.colcon_core.shell:Creating package descriptor '/home/wukong/WALL_E/install/wall_e_bringup/share/wall_e_bringup/package.dsv'
[1.419s] INFO:colcon.colcon_core.shell:Creating package script '/home/wukong/WALL_E/install/wall_e_bringup/share/wall_e_bringup/package.sh'
[1.419s] INFO:colcon.colcon_core.shell:Creating package script '/home/wukong/WALL_E/install/wall_e_bringup/share/wall_e_bringup/package.bash'
[1.419s] INFO:colcon.colcon_core.shell:Creating package script '/home/wukong/WALL_E/install/wall_e_bringup/share/wall_e_bringup/package.zsh'
[1.420s] Level 1:colcon.colcon_core.environment:create_file_with_runtime_dependencies(/home/wukong/WALL_E/install/wall_e_bringup/share/colcon-core/packages/wall_e_bringup)
[1.420s] DEBUG:colcon.colcon_parallel_executor.executor.parallel:closing loop
[1.420s] DEBUG:colcon.colcon_parallel_executor.executor.parallel:loop closed
[1.420s] DEBUG:colcon.colcon_parallel_executor.executor.parallel:run_until_complete finished with '0'
[1.420s] DEBUG:colcon.colcon_core.event_reactor:joining thread
[1.424s] INFO:colcon.colcon_core.plugin_system:Skipping extension 'colcon_notification.desktop_notification.terminal_notifier': Not used on non-Darwin systems
[1.424s] INFO:colcon.colcon_core.plugin_system:Skipping extension 'colcon_notification.desktop_notification.win32': Not used on non-Windows systems
[1.424s] INFO:colcon.colcon_notification.desktop_notification:Sending desktop notification using 'notify2'
[1.438s] DEBUG:colcon.colcon_core.event_reactor:joined thread
[1.439s] INFO:colcon.colcon_core.shell:Creating prefix script '/home/wukong/WALL_E/install/local_setup.ps1'
[1.440s] INFO:colcon.colcon_core.shell:Creating prefix util module '/home/wukong/WALL_E/install/_local_setup_util_ps1.py'
[1.440s] INFO:colcon.colcon_core.shell:Creating prefix chain script '/home/wukong/WALL_E/install/setup.ps1'
[1.441s] INFO:colcon.colcon_core.shell:Creating prefix script '/home/wukong/WALL_E/install/local_setup.sh'
[1.441s] INFO:colcon.colcon_core.shell:Creating prefix util module '/home/wukong/WALL_E/install/_local_setup_util_sh.py'
[1.442s] INFO:colcon.colcon_core.shell:Creating prefix chain script '/home/wukong/WALL_E/install/setup.sh'
[1.442s] INFO:colcon.colcon_core.shell:Creating prefix script '/home/wukong/WALL_E/install/local_setup.bash'
[1.443s] INFO:colcon.colcon_core.shell:Creating prefix chain script '/home/wukong/WALL_E/install/setup.bash'
[1.444s] INFO:colcon.colcon_core.shell:Creating prefix script '/home/wukong/WALL_E/install/local_setup.zsh'
[1.444s] INFO:colcon.colcon_core.shell:Creating prefix chain script '/home/wukong/WALL_E/install/setup.zsh'
